address,latitude,longitude,population,households,huff_1.0,huff_1.2,huff_1.5,huff_1.8,huff_2.0
宮崎県宮崎市,31.9076334,131.4204022,401339,184237,0.0819038881726019,0.09074953549722377,0.10154414698209827,0.1100158103983023,0.1146072584434948
宮崎県宮崎市あけぼの一丁目（南分団）,,,125,45,,,,,
宮崎県宮崎市あけぼの三丁目（南分団）,,,325,108,,,,,
宮崎県宮崎市あけぼの二丁目（南分団）,,,215,67,,,,,
宮崎県宮崎市あけぼの四丁目（南分団）,,,140,43,,,,,
宮崎県宮崎市あさひ一丁目,,,232,105,,,,,
宮崎県宮崎市あさひ二丁目,,,199,126,,,,,
宮崎県宮崎市まなび野一丁目,31.862992,131.420411,707,236,0.06233805844675958,0.0695844282550657,0.078553481156134,0.08528038979671293,0.08860433726391273
宮崎県宮崎市まなび野三丁目,31.858738,131.416124,162,66,0.059246154903091236,0.0659888437768493,0.07442950242440964,0.08091235462486862,0.08423947833742293
宮崎県宮崎市まなび野二丁目,31.8605357,131.4172577,978,360,0.06052277685621267,0.06748470203350582,0.07617974700756426,0.08283419243895068,0.086233723083425
宮崎県宮崎市一の宮町,31.9066207,131.4448151,572,291,0.07072632476757927,0.08366881918737779,0.10230987867823994,0.11988290851030765,0.13095348824517555
宮崎県宮崎市上倉永上倉（穆佐）,,,228,101,,,,,
宮崎県宮崎市上倉永内之八重（穆佐）,,,49,20,,,,,
宮崎県宮崎市上倉永柞木橋（穆佐）,,,72,30,,,,,
宮崎県宮崎市上倉永的野（穆佐）,,,231,98,,,,,
宮崎県宮崎市上田島,39.1994682,117.7697454,4536,1916,0.021385431712667484,0.021361689176773807,0.021326027634011757,0.021290309231766787,0.021266465612182848
宮崎県宮崎市上野町,31.9117635,131.4203664,386,243,0.07297345406236846,0.0846637382116136,0.1017177209323458,0.11854599007472923,0.12976076188399174
宮崎県宮崎市下倉永上倉（穆佐）,,,82,27,,,,,
宮崎県宮崎市下倉永下倉（穆佐）,,,247,107,,,,,
宮崎県宮崎市下倉永宮水流（穆佐）,,,386,174,,,,,
宮崎県宮崎市下倉永祇園台（穆佐）,,,899,342,,,,,
宮崎県宮崎市下北方町,31.946976,131.416748,8083,3594,0.06308077032728175,0.07002738378618854,0.07869770987385258,0.08554203497577575,0.09124229751511961
宮崎県宮崎市下原町,31.9224237,131.4335981,1224,631,0.1317171592564683,0.17374695187514794,0.24224680135801263,0.3129553698710026,0.3593485176917701
宮崎県宮崎市下富田,23.5718326,116.761606,21,9,0.021578830336906666,0.021592995069530756,0.02161370954150929,0.021633784049913778,0.021646811102447164
宮崎県宮崎市下田島（東）,38.911038,141.5450248,7293,2929,0.021324430516939316,0.021286471682915517,0.021228234668727294,0.021168446070114588,0.021127729090975562
宮崎県宮崎市下田島（西）,36.8543743,119.4624074,8048,3281,0.021388555832280196,0.021365420901130323,0.021330659799626145,0.021295828548861223,0.02127256890766575
宮崎県宮崎市下那珂,31.9972217,131.4593408,8173,3205,0.06994055555568841,0.10251085360318356,0.16542984152538398,0.23829362484100797,0.28659966971690126
宮崎県宮崎市中央通,31.9151927,131.4210792,29,19,0.08938790118281521,0.10724373121875252,0.13457201034685645,0.16237706575948518,0.18099749501923534
宮崎県宮崎市中村東一丁目,31.90231,131.419929,408,272,0.1113496122333721,0.1577922694286576,0.24515594106582525,0.350608412061459,0.4271841194367746
宮崎県宮崎市中村東三丁目,31.89567,131.417739,328,206,0.23326902869788763,0.26263370165375594,0.2909218237148351,0.3073655968924744,0.31441199340348014
宮崎県宮崎市中村東二丁目,31.899209,131.41922,309,183,0.12337864064975712,0.1369862688682116,0.17924637590301512,0.24006421667876526,0.2843343510401394
宮崎県宮崎市中村西一丁目,31.9024768,131.4182908,424,240,0.13490008776718876,0.19500570447443366,0.3073494368891168,0.4375736615386319,0.5266785771959746
宮崎県宮崎市中村西三丁目,31.8955276,131.4167362,266,168,0.20477008449388653,0.23280279579674024,0.2625640833660406,0.28239586122534827,0.2920334522718528
宮崎県宮崎市中村西二丁目,31.899664,131.417574,564,349,0.12322059876914401,0.17022510111917696,0.253360921291781,0.3487463432070439,0.41666072057203263
宮崎県宮崎市中津瀬町,31.9226367,131.4174035,1133,528,0.06623418318277512,0.07727694795947108,0.10179655121650255,0.12836723885313553,0.1469698548866003
宮崎県宮崎市中西町,31.9037665,131.4440534,1828,824,0.06071053205077377,0.07067152689053091,0.08497232285273502,0.09865871412429518,0.10750615917039484
宮崎県宮崎市丸山一丁目,31.926709,131.422666,633,354,0.1780160360801236,0.24116308525598928,0.3303558237336438,0.39819249063769796,0.4297669277151673
宮崎県宮崎市丸山二丁目,31.9292067,131.42342,1357,729,0.16104885515905623,0.21951030962278345,0.3066847229242915,0.37817994010116357,0.41356952857573437
宮崎県宮崎市丸島町,31.9210717,131.4267562,536,365,0.12606231900009576,0.15308684791053911,0.1894261025665839,0.21886075216138043,0.23445508797192108
宮崎県宮崎市乙,31.9079054,131.4210997,40,10,0.07874776713289999,0.08671149181215027,0.09621158494139698,0.10347271608532889,0.10732621058356363
宮崎県宮崎市乙七野（西分団）,,,266,92,,,,,
宮崎県宮崎市乙三角寺（北分団）,,,114,47,,,,,
宮崎県宮崎市乙上ノ原（西分団）,,,86,39,,,,,
宮崎県宮崎市乙上下鷺瀬（北分団）,,,167,69,,,,,
宮崎県宮崎市乙上学ノ木（中央分団）,,,52,28,,,,,
宮崎県宮崎市乙上屋敷（北分団）,,,129,50,,,,,
宮崎県宮崎市乙上桜町（中央分団）,,,83,36,,,,,
宮崎県宮崎市乙下学ノ木（中央分団）,,,128,60,,,,,
宮崎県宮崎市乙下屋敷（北分団）,,,194,84,,,,,
宮崎県宮崎市乙中原（中央分団）,,,178,94,,,,,
宮崎県宮崎市乙仮屋原（北分団）,,,102,45,,,,,
宮崎県宮崎市乙仲町（中央分団）,,,122,56,,,,,
宮崎県宮崎市乙元野（南分団）,,,40,17,,,,,
宮崎県宮崎市乙光町（北分団）,,,182,87,,,,,
宮崎県宮崎市乙八重（西分団）,,,80,36,,,,,
宮崎県宮崎市乙公園台（北分団）,,,130,54,,,,,
宮崎県宮崎市乙北桜町（北分団）,,,72,31,,,,,
宮崎県宮崎市乙合又（中央分団）,,,179,77,,,,,
宮崎県宮崎市乙向町（北分団）,,,92,39,,,,,
宮崎県宮崎市乙唐仁田（西分団）,,,5,4,,,,,
宮崎県宮崎市乙堀口（北分団）,,,48,24,,,,,
宮崎県宮崎市乙塩水（西分団）,,,32,12,,,,,
宮崎県宮崎市乙天神（西分団）,,,3,3,,,,,
宮崎県宮崎市乙日南学園（北分団）,,,74,5,,,,,
宮崎県宮崎市乙本町（中央分団）,,,39,21,,,,,
宮崎県宮崎市乙東桜町（北分団）,,,70,31,,,,,
宮崎県宮崎市乙松山（西分団）,,,162,38,,,,,
宮崎県宮崎市乙法光坊（北分団）,,,299,122,,,,,
宮崎県宮崎市乙灰ケ野（北分団）,,,53,22,,,,,
宮崎県宮崎市乙片井野（西分団）,,,171,65,,,,,
宮崎県宮崎市乙町光団地（北分団）,,,103,50,,,,,
宮崎県宮崎市乙白砂ケ尾（北分団）,,,12,4,,,,,
宮崎県宮崎市乙県光団地（北分団）,,,207,97,,,,,
宮崎県宮崎市乙稲荷町（中央分団）,,,72,28,,,,,
宮崎県宮崎市乙西桜団地（北分団）,,,59,25,,,,,
宮崎県宮崎市乙西桜町（北分団）,,,32,12,,,,,
宮崎県宮崎市乙野崎（西分団）,,,35,18,,,,,
宮崎県宮崎市乙鹿村野（北分団）,,,77,30,,,,,
宮崎県宮崎市五町中村（中央）,,,147,63,,,,,
宮崎県宮崎市五町五区（中央）,,,185,88,,,,,
宮崎県宮崎市五町井上（中央）,,,35,15,,,,,
宮崎県宮崎市五町南城寺（大字内山）,,,6,2,,,,,
宮崎県宮崎市五町原田（大字内山）,,,85,36,,,,,
宮崎県宮崎市五町去川（去川）,,,12,7,,,,,
宮崎県宮崎市五町押田（大字内山）,,,142,52,,,,,
宮崎県宮崎市五町東区（中央）,,,159,59,,,,,
宮崎県宮崎市五町片前（去川）,,,30,15,,,,,
宮崎県宮崎市五町田中（大字内山）,,,57,26,,,,,
宮崎県宮崎市五町町（中央）,,,200,88,,,,,
宮崎県宮崎市五町西区（中央）,,,109,56,,,,,
宮崎県宮崎市京塚一丁目,31.8981195,131.4128822,399,190,0.39396382367776694,0.4382197702680767,0.4727630374352324,0.487815685887989,0.49279613590274135
宮崎県宮崎市京塚二丁目,31.8974535,131.4110537,121,60,0.31719494301790535,0.3714193097489655,0.42625360890243275,0.4580886111427132,0.4712112000499031
宮崎県宮崎市京塚町,31.8962999,131.4127273,250,143,0.26944528582436233,0.317767344523722,0.37306704460284207,0.4117830959930849,0.4307830623051983
宮崎県宮崎市今泉上今泉,34.8179639,135.5758876,671,227,0.02104355928306903,0.020939916578263298,0.020777373263831944,0.02060646878419586,0.02048796892419612
宮崎県宮崎市今泉上大久保,,,375,134,,,,,
宮崎県宮崎市今泉下今泉,23.6836086,117.003329,390,140,0.021580332146708767,0.021594767021753024,0.02161586774965094,0.02163630572738208,0.02164956241523187
宮崎県宮崎市今泉下大久保,,,140,52,,,,,
宮崎県宮崎市今泉丸目,,,170,69,,,,,
宮崎県宮崎市今泉尾平,23.6836086,117.003329,510,193,0.021580332146708767,0.021594767021753024,0.02161586774965094,0.02163630572738208,0.02164956241523187
宮崎県宮崎市今泉岡,23.6836086,117.003329,369,168,0.021580332146708767,0.021594767021753024,0.02161586774965094,0.02163630572738208,0.02164956241523187
宮崎県宮崎市今泉松ノ木田,,,438,185,,,,,
宮崎県宮崎市今泉松叶,,,346,121,,,,,
宮崎県宮崎市今泉永山,,,419,172,,,,,
宮崎県宮崎市今泉沓掛,,,1655,631,,,,,
宮崎県宮崎市今泉石坂,34.8179639,135.5758876,17,12,0.02104355928306903,0.020939916578263298,0.020777373263831944,0.02060646878419586,0.02048796892419612
宮崎県宮崎市今泉谷ノ口,,,214,78,,,,,
宮崎県宮崎市元宮町,31.913604,131.417247,410,284,0.06590765406538249,0.0753189789051708,0.08862707815697794,0.10138296747220762,0.10974118609530145
宮崎県宮崎市内山中村（中央）,,,181,77,,,,,
宮崎県宮崎市内山五区（中央）,,,430,186,,,,,
宮崎県宮崎市内山南城寺（大字内山）,,,103,51,,,,,
宮崎県宮崎市内山去川（去川）,,,102,55,,,,,
宮崎県宮崎市内山和石（去川）,,,56,29,,,,,
宮崎県宮崎市内山新田（大字内山）,,,156,71,,,,,
宮崎県宮崎市内山東区（中央）,,,240,88,,,,,
宮崎県宮崎市内山板ケ八重（大字内山）,,,31,11,,,,,
宮崎県宮崎市内山町（中央）,,,15,7,,,,,
宮崎県宮崎市内山西区（中央）,,,55,34,,,,,
宮崎県宮崎市内山飯田（中央）,,,248,23,,,,,
宮崎県宮崎市出来島町,31.9017661,131.4371681,1183,569,0.0630717404296239,0.06838517424957713,0.07447712820355094,0.07903642174225284,0.0815047890452292
宮崎県宮崎市別府町,31.9112359,131.4284252,115,78,0.10911546101613538,0.13423540228575587,0.17339376870528483,0.21318457346979022,0.23932418490536636
宮崎県宮崎市前原町,31.904494,131.4363447,53,26,0.060216965656821365,0.06771224312200781,0.0778275916716395,0.0870841806997426,0.0929768035544023
宮崎県宮崎市加納一丁目,31.87221,131.396002,410,247,0.0657573827880821,0.07243979974141698,0.09232543300933492,0.12333991658399238,0.14672850785060196
宮崎県宮崎市加納三丁目,31.8739551,131.4014145,290,124,0.06916762098864808,0.07643963699234214,0.08461387279855404,0.08981600987933595,0.09187721274025434
宮崎県宮崎市加納二丁目,31.872776,131.398821,357,206,0.0673226602961039,0.07434661275774736,0.08225261806642638,0.08921442457347407,0.10263593854950392
宮崎県宮崎市加納五丁目,31.8764854,131.4064005,202,166,0.07192441455457195,0.07904809726410962,0.08754214882611962,0.09569135070880529,0.10866396670961521
宮崎県宮崎市加納四丁目,31.875338,131.403659,124,78,0.07089306147815262,0.07821638666364707,0.0862005829572348,0.09095701973650205,0.09388161930166757
宮崎県宮崎市北川内町,31.8994857,131.3896296,596,232,0.08092437938127736,0.09242469820235934,0.10826288877124551,0.12268625041291158,0.13169253771538558
宮崎県宮崎市北権現町,31.9311722,131.4322811,651,308,0.07112041320408413,0.09050311455046556,0.12288063484131646,0.15833886868597125,0.18301533296153433
宮崎県宮崎市北高松町,31.9170915,131.4168401,219,171,0.06900451560544789,0.079570438793805,0.0946933459972407,0.10922749570670413,0.118686458293785
宮崎県宮崎市千草町,31.916408,131.419059,522,408,0.0790142842112049,0.09309721720179985,0.11409746694412794,0.13505054888658732,0.14898444804140787
宮崎県宮崎市南原一丁目,31.8352834,131.2982672,200,63,0.037513223196553855,0.04953648777169202,0.07294938373135376,0.10354264881151641,0.12800011880523499
宮崎県宮崎市南原三丁目,31.8314095,131.2977093,190,79,0.03663982673494445,0.04822815217295575,0.07076360430685358,0.10022641298274214,0.12383569259304043
宮崎県宮崎市南原二丁目,31.8363362,131.294834,480,179,0.036110450532770295,0.046334329833810965,0.06745657776777982,0.09497314458129608,0.11702747922142742
宮崎県宮崎市南方町,31.9623272,131.4244169,524,206,0.11941819444278576,0.14455369721545283,0.17945083335375817,0.2090205583131261,0.22539339492749283
宮崎県宮崎市南町三丁目,31.8935664,131.4155731,24,14,0.17502280224571237,0.20054777282279534,0.22961831373671496,0.2508111004410813,0.2619485220585733
宮崎県宮崎市南花ケ島町,31.9417119,131.4297815,1050,514,0.06186207107678326,0.06752986846416116,0.08086245765789404,0.10432159929564361,0.12169356002798422
宮崎県宮崎市南高松町,31.914422,131.415426,281,197,0.06532158723893189,0.07021190571139416,0.07946824725049646,0.08927696869334754,0.09552771155560962
宮崎県宮崎市原町,31.9238245,131.4221279,384,226,0.10389346865565688,0.13689233175552606,0.1908949171055514,0.24576221838766346,0.2804153258892218
宮崎県宮崎市古城町,31.890483,131.379279,1009,354,0.06826770457655945,0.07694506277703456,0.08864280413707226,0.09894999757258419,0.10519447432288945
宮崎県宮崎市吉村町中,,,3341,1409,,,,,
宮崎県宮崎市吉村町北,,,3457,1468,,,,,
宮崎県宮崎市吉村町南,,,2504,1230,,,,,
宮崎県宮崎市吉村町東,,,4450,2051,,,,,
宮崎県宮崎市吉村町西,31.9195677,131.4442304,2919,1343,0.23063685639518394,0.31530527932462027,0.45390408396967724,0.5893863422016514,0.6700037700577853
宮崎県宮崎市吾妻町,31.903836,131.432544,1428,836,0.06712889284381544,0.07328099319980816,0.08057347179540676,0.0862618739630494,0.08943570444269014
宮崎県宮崎市和知川原一丁目,31.923632,131.414804,946,440,0.06795598259616187,0.07597808163870423,0.08639657496497756,0.10712184086814162,0.12163011583571949
宮崎県宮崎市和知川原三丁目,31.924388,131.407924,627,295,0.1118730544149074,0.13715533924655882,0.17644699336844133,0.21619590162938784,0.24226156986931396
宮崎県宮崎市和知川原二丁目,31.923948,131.4122957,581,297,0.08104039704782048,0.09409505501094594,0.11265740353095823,0.13000665440370984,0.1408781898233832
宮崎県宮崎市城ヶ崎一丁目,31.899004,131.427199,401,191,0.10200195653500302,0.11770744953416552,0.13887553009394327,0.15749316037593922,0.1686437224070165
宮崎県宮崎市城ヶ崎三丁目,31.897311,131.431482,727,398,0.08923454924770866,0.10216769448276643,0.11988346935974516,0.13602713409920192,0.14610279923959657
宮崎県宮崎市城ヶ崎二丁目,31.898291,131.4290847,920,425,0.09641211806743297,0.11100789154461764,0.13093001113161623,0.14885368742409527,0.1598512481712975
宮崎県宮崎市城ヶ崎四丁目,31.8954661,131.4343625,751,376,0.08222746918116847,0.09348158848526063,0.10880027060152243,0.12274617847118084,0.1314959507429934
宮崎県宮崎市堀川町,31.9099097,131.4336678,1309,856,0.09348702857312821,0.11263855039062315,0.14200853624109597,0.17190475403028124,0.19190696321993114
宮崎県宮崎市大和町,31.91784,131.437144,331,193,0.11580904215641033,0.13988768641984314,0.17309643223500726,0.20136227003621585,0.21711497832054366
宮崎県宮崎市大坪東一丁目,31.9030843,131.4091094,559,236,0.14869728264579193,0.17888288204579914,0.22187633327340947,0.2612235892874815,0.28515910974316894
宮崎県宮崎市大坪東三丁目,31.8974346,131.4084636,739,321,0.20631864877225708,0.24986835056922124,0.3068626062123099,0.35289353643198357,0.3779047362473088
宮崎県宮崎市大坪東二丁目,31.8994578,131.4081566,558,225,0.1914933209285048,0.23275308295871072,0.28850712931091865,0.33526348388438953,0.36139027814817065
宮崎県宮崎市大坪町,31.905691,131.406577,376,206,0.11340002140552782,0.13349300672361875,0.16249992450297088,0.19023725691188184,0.2080601146286935
宮崎県宮崎市大坪西一丁目,31.8978994,131.4051967,591,269,0.1522968765925589,0.18340473014089154,0.2271779459458884,0.26665293844376375,0.29044758899199635
宮崎県宮崎市大坪西二丁目,31.8972806,131.4032222,642,283,0.1333369973876903,0.1591795987267167,0.1958328080262404,0.22955514608822908,0.25037473844143315
宮崎県宮崎市大塚台東一丁目,31.91961,131.387097,784,360,0.13092845777604575,0.16478033777489068,0.21697073949975915,0.2671652556014633,0.29789014835829564
宮崎県宮崎市大塚台東二丁目,31.912422,131.384488,358,156,0.09565730097209568,0.11657739950204452,0.14936833450022927,0.18312924614223308,0.20578890161627716
宮崎県宮崎市大塚台西一丁目,31.921608,131.38606,1616,789,0.12438741112268135,0.15545004516063834,0.20277558902300627,0.247699740956249,0.2749360100912028
宮崎県宮崎市大塚台西三丁目,31.909623,131.382862,2073,1020,0.08365060900786152,0.10007967815359112,0.12536174425101196,0.15117868947705096,0.16859234875919402
宮崎県宮崎市大塚台西二丁目,31.9162037,131.3824686,1285,605,0.10025768212723422,0.1231465020456553,0.1590834732290986,0.19572925698493263,0.21991405082064053
宮崎県宮崎市大塚町上,31.9092987,131.4266458,3308,1404,0.08368835031040014,0.09917870856837586,0.1226132877179579,0.14645916590752178,0.1625932813876535
宮崎県宮崎市大塚町下,40.3470923,116.6465913,4550,1954,0.021389659731932825,0.021366764217134133,0.021332374039617658,0.021297927970031365,0.02127493309153724
宮崎県宮崎市大塚町中,36.3219577,139.2018597,4137,1869,0.021282841278120086,0.021234982838350003,0.021160921847107668,0.021084150235650252,0.021031473593486963
宮崎県宮崎市大塚町北,31.9121257,131.4189237,1674,803,0.06832930885409351,0.07842353035400543,0.09281296184599008,0.10670576677159246,0.11584301557932998
宮崎県宮崎市大塚町南,31.9089169,131.3930044,3590,1648,0.09198406322801399,0.11016990481391327,0.13783598287022378,0.1657451847809549,0.1843793297414387
宮崎県宮崎市大字上北方,31.9572808,131.4063923,336,134,0.06581677279038467,0.07480043457737161,0.08718788166235125,0.0983375906052609,0.1051569195761823
宮崎県宮崎市大字内海,31.7508661,131.4616491,826,435,0.03540213728403712,0.03778982395152957,0.04103998263821516,0.04389828018588488,0.04559879762812757
宮崎県宮崎市大字加江田,31.8132102,131.4277999,1171,449,0.04418474935992085,0.04809047711306037,0.05346436689281808,0.058520638157813824,0.06148349778892724
宮崎県宮崎市大字加納かのう台,,,579,239,,,,,
宮崎県宮崎市大字加納ニュータウン飛鳥,,,616,249,,,,,
宮崎県宮崎市大字加納ニュー池田台,,,646,260,,,,,
宮崎県宮崎市大字加納上中野,,,224,140,,,,,
宮崎県宮崎市大字加納上加納,,,552,230,,,,,
宮崎県宮崎市大字加納下中野,,,221,88,,,,,
宮崎県宮崎市大字加納下加納,,,2327,1102,,,,,
宮崎県宮崎市大字加納加納ケ丘,,,1996,924,,,,,
宮崎県宮崎市大字加納南加納,,,959,470,,,,,
宮崎県宮崎市大字加納池田台二区,,,678,263,,,,,
宮崎県宮崎市大字吉野,31.973456,131.335205,164,75,0.04131011886847928,0.04610378203655766,0.05305447530115791,0.06274735830670247,0.07011064112954293
宮崎県宮崎市大字堤内,31.9727319,131.3474075,86,36,0.04290024410619194,0.047948075849360644,0.05717606981336974,0.06912990035047548,0.07763383097655367
宮崎県宮崎市大字塩路,31.9752454,131.4662862,1130,452,0.08718979548473678,0.10625263013302745,0.13583283673182317,0.1654229416733341,0.18467497646906547
宮崎県宮崎市大字大瀬町,31.9773118,131.3821492,1618,610,0.0527973336875425,0.05938419305584634,0.0686628407129151,0.07719367684407641,0.0824983453050848
宮崎県宮崎市大字富吉,31.9412418,131.3504455,1223,485,0.05341661948397234,0.06354114968105669,0.08303370180885467,0.10524987309769594,0.12163058316636723
宮崎県宮崎市大字小松,31.9372724,131.4024732,4954,2138,0.07896104347750142,0.0933158124600552,0.12335296309419365,0.15639259318555992,0.17988024698844146
宮崎県宮崎市大字島之内,31.9875008,131.4547509,11004,4357,0.08213837182546498,0.09887280032880791,0.12350334264615126,0.1459708568162727,0.15912246899074733
宮崎県宮崎市大字広原,32.0021738,131.4315437,1232,404,0.0679001699977755,0.07959996269966793,0.09698004564886255,0.11345527275579151,0.123649089525337
宮崎県宮崎市大字恒久北,,,2715,1147,,,,,
宮崎県宮崎市大字恒久南,,,3660,1759,,,,,
宮崎県宮崎市大字恒久東,,,2164,1152,,,,,
宮崎県宮崎市大字折生迫,31.786119,131.462285,218,96,0.039185030020098745,0.04228755473385583,0.04649016984134953,0.05059771258854903,0.0531943163401826
宮崎県宮崎市大字新名爪,31.9754855,131.4377053,3246,1237,0.124769808573378,0.15528427212125956,0.19968767592987796,0.2392279046723011,0.2620905073948823
宮崎県宮崎市大字有田,31.9531476,131.3759261,535,204,0.06579834718794939,0.08288347578398089,0.11281021695556315,0.14814556330428358,0.17481415702267772
宮崎県宮崎市大字本郷北方,31.8712016,131.4277612,5803,2412,0.0680746335086684,0.07588649190622122,0.08480429715560156,0.09036486115347957,0.11718065333293558
宮崎県宮崎市大字本郷南方,31.860457,131.436094,5862,2431,0.057525573251204117,0.06343140179898873,0.0814264988590742,0.13524477010360828,0.18399030814021075
宮崎県宮崎市大字柏原,31.937854,131.370783,492,187,0.08628413595342074,0.11303857612770572,0.16152518647140127,0.21978905870899404,0.2635194708682528
宮崎県宮崎市大字浮田,31.9278177,131.3714639,2191,745,0.08131639438660587,0.10459278952332463,0.1452997468733807,0.19239682921164414,0.2268344368802487
宮崎県宮崎市大字熊野,31.8298241,131.4371155,4094,2090,0.04707517007238936,0.05198763648904561,0.05858663350989509,0.06424448476254363,0.06752510313900541
宮崎県宮崎市大字瓜生野,31.984175,131.394637,2108,874,0.06038017011121503,0.06952053587968963,0.0830661527520013,0.09625691425251333,0.10482836116625016
宮崎県宮崎市大字生目,31.9174166,131.3725915,560,204,0.07759857222172449,0.09268488281000481,0.11587128514415672,0.13925956202798526,0.1547460354035032
宮崎県宮崎市大字田吉,31.864439,131.449119,2791,1291,0.055410922272457155,0.061173262219226615,0.06816516204072168,0.07312677449763691,0.0942686013506984
宮崎県宮崎市大字糸原,31.9586024,131.3651774,2090,670,0.0527502494658862,0.06447677434012648,0.08433805765139026,0.10704360166653996,0.12385692916969358
宮崎県宮崎市大字細江,31.895298,131.342285,1129,459,0.049140879304934465,0.05381136195448188,0.059855612297408094,0.0654370478961544,0.06964138427372454
宮崎県宮崎市大字芳士,31.9645454,131.4433238,5413,2297,0.433433650552863,0.5485474763728201,0.6826170415719511,0.7759115915201993,0.8217918240378806
宮崎県宮崎市大字赤江,31.8789772,131.4487785,4299,1980,0.05975939866491279,0.06612147844965094,0.07411736897231168,0.08057141451879006,0.084185102020441
宮崎県宮崎市大字跡江,31.9446639,131.3907832,1925,689,0.09999537308764513,0.1327433215903702,0.19249406955294274,0.26439939125527195,0.31804752551773674
宮崎県宮崎市大字郡司分,31.8550541,131.41632,2511,975,0.05705263620890773,0.0634471001859312,0.07150943614142394,0.07776430980973367,0.08100763411690505
宮崎県宮崎市大字金崎,31.9727655,131.3583879,422,173,0.04390277857404802,0.04901773951069023,0.060737785029824715,0.0737120283177554,0.08295194640027063
宮崎県宮崎市大字鏡洲,31.8161588,131.3809444,760,314,0.042964205888474945,0.04633789003807247,0.05034448785090352,0.06311557413557373,0.07399150841082873
宮崎県宮崎市大字長嶺,31.923403,131.356183,230,107,0.060206982014490415,0.07005194247394199,0.08485872214468694,0.10191869346038387,0.11628058173653495
宮崎県宮崎市大島町,31.9404728,131.4413416,5895,2560,0.06409967755278487,0.07077042793313225,0.07887769606181375,0.08511797810565574,0.08842724682025727
宮崎県宮崎市大工一丁目,31.91745,131.413968,663,473,0.0678829016238638,0.07618640848813579,0.08717528736230439,0.0968521935428622,0.10274912431162582
宮崎県宮崎市大工三丁目,31.91771,131.406017,1626,1053,0.12469017855196138,0.15460917647967953,0.2013082849367542,0.24823910653842696,0.27853614218412487
宮崎県宮崎市大工二丁目,31.9175146,131.4102092,1308,778,0.0884293970024083,0.10433217052094773,0.12819722346918772,0.1522294368415092,0.16837325695723987
宮崎県宮崎市大橋一丁目,31.920177,131.4147,1027,580,0.06767983802361448,0.07577041540939694,0.08614867624695959,0.09477493031778722,0.09969044597456486
宮崎県宮崎市大橋三丁目,31.921646,131.407025,1947,1058,0.12565876129184797,0.15611021145138754,0.20357960672369935,0.251023193150993,0.28143768605487557
宮崎県宮崎市大橋二丁目,31.9207007,131.4116423,637,336,0.08492868427671044,0.09947739115237295,0.12084754982676625,0.14177819445023587,0.15550341302192627
宮崎県宮崎市大淀一丁目,31.901768,131.424658,451,250,0.09489782118310375,0.1076867415060487,0.12385338136582495,0.13680241117491596,0.1438211776116475
宮崎県宮崎市大淀三丁目,31.89705,131.422123,230,159,0.15258065474511498,0.17824616791816578,0.20993567432905968,0.23440423822591921,0.24746087530031619
宮崎県宮崎市大淀二丁目,31.899803,131.423544,388,211,0.11243510328688806,0.12920757426252136,0.15026241452799116,0.16677986966984942,0.17554341119212868
宮崎県宮崎市大淀四丁目,31.8956329,131.4201148,251,172,0.21316277709778428,0.24464794658629285,0.277408888439969,0.2977983148157886,0.30689255253756204
宮崎県宮崎市大王町,31.9070841,131.4396974,479,227,0.06496343255303784,0.07491238383925171,0.08898156697369841,0.10232799788313962,0.11094914647841489
宮崎県宮崎市天満一丁目,31.900873,131.414532,254,156,0.17850696541250421,0.21111105196625024,0.2523707647684712,0.28495339945764686,0.30254463431764966
宮崎県宮崎市天満三丁目,31.8961135,131.4148622,476,226,0.17214128308238233,0.19471226639662453,0.2197866225215886,0.23803168152463008,0.24789077960782305
宮崎県宮崎市天満二丁目,31.8980428,131.4143483,212,113,0.25369851292551643,0.29931859982943393,0.3529415905375101,0.3921038683995907,0.4121446534190832
宮崎県宮崎市天満町,31.900934,131.411172,309,187,0.2041428842381015,0.2472695794833788,0.3039868900387813,0.3499369684398173,0.37490219140880754
宮崎県宮崎市太田一丁目,31.90301,131.42224,512,242,0.09025397482055417,0.1006380579996644,0.11901493054028735,0.1618701647380071,0.19461979411975017
宮崎県宮崎市太田三丁目,31.8997272,131.4213406,303,153,0.1181755173856129,0.13395180330433745,0.15126224384560694,0.17305913390893551,0.20313281940351582
宮崎県宮崎市太田二丁目,31.901661,131.42157,311,179,0.09894172739114748,0.11018781155230209,0.15786139611000957,0.2185499223404612,0.26438667691030615
宮崎県宮崎市太田四丁目,31.8975938,131.4207072,320,187,0.1558671127734789,0.18071719840249165,0.21039838189968818,0.23255056748648348,0.24412205792342404
宮崎県宮崎市学園木花台北一丁目,31.833428,131.430288,296,113,0.048351477486157673,0.05346742113961533,0.0602848139267636,0.06605614649789507,0.06935698694589855
宮崎県宮崎市学園木花台北三丁目,31.832873,131.422729,1187,546,0.04855427726274915,0.053336043951002915,0.06005287923587108,0.06567805420680077,0.06885369747735935
宮崎県宮崎市学園木花台北二丁目,31.833322,131.426468,575,231,0.048506117985168115,0.05350999946876372,0.06030312806018177,0.0660255541775513,0.0692792977251816
宮崎県宮崎市学園木花台南一丁目,31.828709,131.427042,318,134,0.04738855510108819,0.0519708530274048,0.05851874623756498,0.06408476119123291,0.06727782181383068
宮崎県宮崎市学園木花台南三丁目,31.829901,131.423624,867,381,0.0477944763310904,0.052342982194590916,0.05891284612325793,0.0644551881331902,0.06760754912361924
宮崎県宮崎市学園木花台南二丁目,31.826445,131.4244042,549,227,0.04696829705266414,0.05125486146697624,0.0576556439744583,0.06309480166441281,0.06621083946654552
宮崎県宮崎市学園木花台桜一丁目,31.827549,131.419917,1664,1306,0.047323645033295614,0.05165124280169824,0.05787025262495219,0.06323091055067903,0.06626463266483598
宮崎県宮崎市学園木花台桜二丁目,31.82527,131.414293,1478,1026,0.046811879526270944,0.05106146347251928,0.05662350337163648,0.06170872876489128,0.06454822321253252
宮崎県宮崎市学園木花台西一丁目,31.8294425,131.4132168,608,319,0.04780572624734405,0.05217802307156055,0.05798347865575325,0.06312779792876498,0.06595895505394762
宮崎県宮崎市学園木花台西二丁目,31.832721,131.414334,55,54,0.04865234080433671,0.053133662176634545,0.059353559569386614,0.06464082800198172,0.06753980921251733
宮崎県宮崎市宮の元町,31.888492,131.42801,131,65,0.10133324896200085,0.11679035688938544,0.13667045625499996,0.15277450040770002,0.1616161894158933
宮崎県宮崎市宮崎駅東一丁目,31.9137121,131.4341153,256,170,0.1356847455029826,0.1691698632893766,0.21894173703471392,0.2650935877312996,0.29264320414336026
宮崎県宮崎市宮崎駅東三丁目,31.919049,131.433724,975,478,0.19767631303216576,0.2622950981270853,0.357322108650871,0.4422877172045377,0.4921531759462303
宮崎県宮崎市宮崎駅東二丁目,31.9167207,131.4339245,184,113,0.17992125926936528,0.22340260270273513,0.27966971827388204,0.3219815839599767,0.34288247300811153
宮崎県宮崎市宮田町,31.911694,131.426048,332,194,0.10300225977693966,0.12584561552123605,0.16142230340592117,0.19784471048344118,0.22207435022571337
宮崎県宮崎市宮脇町,31.9144557,131.4369642,441,233,0.11006297542482733,0.13355180508737863,0.1677885905943369,0.19968828052754897,0.2192157831432105
宮崎県宮崎市小山田上倉（穆佐）,,,23,4,,,,,
宮崎県宮崎市小山田小山田（穆佐）,,,355,156,,,,,
宮崎県宮崎市小山田麓（穆佐）,,,313,115,,,,,
宮崎県宮崎市小戸町,31.9028751,131.4533821,809,389,0.08019769068402821,0.09735512806867347,0.12275326526566196,0.14687017047278447,0.16188437657048885
宮崎県宮崎市小松台北町,31.935218,131.393914,915,391,0.1755047305168559,0.24575477859957529,0.36980736262976666,0.5019733660736888,0.585859253797285
宮崎県宮崎市小松台南町,31.926817,131.391972,472,176,0.1418938904943209,0.1763495602401294,0.22446540408195798,0.2640933792944498,0.2848741859215781
宮崎県宮崎市小松台東一丁目,31.9310252,131.3968458,618,252,0.11494847066516567,0.14069470747454838,0.1915101039329035,0.24327164299909085,0.2767343134979845
宮崎県宮崎市小松台東三丁目,31.9281923,131.3924405,484,203,0.1295017170498523,0.16489969057264492,0.22475297924445617,0.2826488457224591,0.31828939969727993
宮崎県宮崎市小松台東二丁目,31.9294538,131.3949028,606,247,0.12633780741239026,0.15476614900463873,0.20426690559793848,0.2560170531186967,0.28807033951524696
宮崎県宮崎市小松台西一丁目,31.932766,131.394905,210,79,0.15215918952163068,0.20773824860546358,0.3041319520584213,0.40785306565831764,0.47611692861619853
宮崎県宮崎市小松台西三丁目,31.9287436,131.3903748,514,216,0.16338319405189072,0.22238687189431486,0.3208919181307665,0.42135667804212884,0.48474846028715285
宮崎県宮崎市小松台西二丁目,31.9317243,131.3933182,324,127,0.18072399620955515,0.2506819015882864,0.37011611944779005,0.49280801060753315,0.5691745701250368
宮崎県宮崎市山崎町,31.9533093,131.4632606,987,369,0.08188345947739235,0.09726329719032963,0.12085453485846988,0.1441547735707808,0.15938433391735413
宮崎県宮崎市岡一丁目,31.9005046,131.4551604,795,393,0.0708769809361168,0.08522855462407002,0.10664620565718386,0.12743968371439554,0.1407381494049073
宮崎県宮崎市岡三丁目,31.9105097,131.4571345,268,157,0.1374495268941733,0.16585419786556618,0.19886124112889594,0.22104659657458145,0.23131886849670255
宮崎県宮崎市岡二丁目,31.9064249,131.4566892,335,169,0.10303678626434132,0.12667128802211006,0.1595334525892031,0.18743816026942298,0.2029733494072243
宮崎県宮崎市川原町,31.9061529,131.4247077,659,380,0.07357744499283621,0.07988824611378292,0.08720281162785122,0.09314007476552294,0.09618666775963243
宮崎県宮崎市希望ケ丘一丁目,31.8600726,131.4286083,656,280,0.05925197235122651,0.06579974609129534,0.07360582327894277,0.08388714038472679,0.1102037210854256
宮崎県宮崎市希望ケ丘三丁目,31.859671,131.424284,1081,463,0.05972506666550825,0.06651979947437786,0.07492274287099568,0.0811359592886894,0.08408869039466901
宮崎県宮崎市希望ケ丘二丁目,31.85776,131.4254241,547,226,0.058460996076530075,0.06506710117064775,0.07328927148106093,0.0794375123224792,0.08240448425907723
宮崎県宮崎市希望ケ丘四丁目,31.858636,131.4208709,825,356,0.059308344664783304,0.06609253406171296,0.07459946303531735,0.08112005399367646,0.08443170453541729
宮崎県宮崎市平和が丘北町,31.959569,131.413476,651,270,0.08038393140684878,0.09395521018074446,0.11341414824053739,0.1314251811787074,0.1425116161740508
宮崎県宮崎市平和が丘東町,31.9553718,131.4149357,547,238,0.07722435499215302,0.08925316380677356,0.10600046036102365,0.12097244298282438,0.12990848091813922
宮崎県宮崎市平和が丘西町,31.9559059,131.4125011,1164,489,0.07357612290183711,0.0846631694405682,0.10014177952052884,0.11414293061056792,0.12265290821894381
宮崎県宮崎市広島一丁目,31.914728,131.426363,764,452,0.1424708783525912,0.1792656033273782,0.2345818560773985,0.2860245759520108,0.316523119130959
宮崎県宮崎市広島二丁目,31.9144653,131.4291061,583,408,0.17827434219808672,0.22589843720121333,0.2927700355922499,0.3481485118050244,0.37749450030371123
宮崎県宮崎市恒久一丁目,31.89619,131.425159,657,348,0.12914232967754655,0.15143854434332307,0.1808411175092925,0.20553891630362392,0.2196438334203774
宮崎県宮崎市恒久三丁目,31.894009,131.429985,872,457,0.10092805535789313,0.11709325283296607,0.1392556762323837,0.1591427711259881,0.17127054470959557
宮崎県宮崎市恒久二丁目,31.895157,131.4273795,746,344,0.11482573270161801,0.13422778537444469,0.1604962249622995,0.18347027318412465,0.19709503405424264
宮崎県宮崎市恒久五丁目,31.891851,131.436102,1020,427,0.0796870974716872,0.0905109146608636,0.1051720411176268,0.11839594734599436,0.12662088234944216
宮崎県宮崎市恒久六丁目,31.891073,131.439565,806,415,0.07190594738377287,0.08069754168584774,0.09232423953257757,0.10258425483296872,0.10889701822063663
宮崎県宮崎市恒久南一丁目,31.8923755,131.4228121,720,407,0.15375220850273472,0.18039063237555183,0.21349997007330945,0.23920699962595784,0.25297235004559054
宮崎県宮崎市恒久南三丁目,31.890744,131.428321,822,420,0.1063850752065703,0.12356831941346018,0.14645904144713168,0.16606352786174533,0.17748994757249179
宮崎県宮崎市恒久南二丁目,31.8911593,131.4248901,1148,523,0.12691157651228124,0.1482469176376179,0.1757129077899677,0.19809340842137896,0.21058492935106043
宮崎県宮崎市恒久南四丁目,31.8907484,131.432173,307,142,0.09126961617460538,0.10505194796626942,0.12378025842475257,0.14045658162486677,0.15058992094665163
宮崎県宮崎市恒久四丁目,31.893452,131.433254,789,352,0.08775262340871699,0.10061040257325278,0.11823610230362393,0.13425900285768283,0.14422920531057837
宮崎県宮崎市新別府町,31.9264691,131.4547312,3054,1297,0.07653773600435916,0.09139771376967484,0.11324151389058354,0.13414237555858852,0.14739761397302756
宮崎県宮崎市新城町,31.9263462,131.4400488,1228,488,0.07593298931172052,0.09001734317450942,0.1106697706576443,0.1305864575307033,0.14337929792040852
宮崎県宮崎市新栄町,31.9090502,131.4544871,400,209,0.14060955745254833,0.17236228596871528,0.21185701999870507,0.24079021268718168,0.25514446672666513
宮崎県宮崎市新町一丁目,31.8564459,131.3954506,163,83,0.08322681255055493,0.11934577445000935,0.19238287768685175,0.28834130285818943,0.36288833319684266
宮崎県宮崎市新町二丁目,31.854571,131.395724,410,220,0.0755474002661908,0.10691412173475327,0.16990171046719665,0.2530382450895755,0.3186609302235917
宮崎県宮崎市日ノ出町,31.9057619,131.4511641,612,329,0.09444703466829543,0.11565979454856712,0.14630825050044496,0.17413736457293913,0.19068818237819402
宮崎県宮崎市旭一丁目,31.9091359,131.4259323,377,227,0.08019737533419484,0.09434437722502367,0.11547926458946382,0.13676417566044335,0.15109647710620092
宮崎県宮崎市旭二丁目,31.909361,131.428351,288,170,0.08877234107158814,0.10623979680366784,0.1330373951626837,0.160564843629316,0.17922972612923818
宮崎県宮崎市昭和町,31.9103924,131.4365458,958,530,0.08685937601759329,0.10313628567048311,0.12727758438784728,0.15102635063526945,0.16656714489591773
宮崎県宮崎市昭栄町,31.9128139,131.45486,541,332,0.2140644109314154,0.24481966594344273,0.27265831921186295,0.2882143825096393,0.29512753575550904
宮崎県宮崎市曽師町,31.9109719,131.4408159,1190,586,0.09029301370478841,0.1093437779940484,0.1385548665082141,0.16841894334906832,0.18864152271800785
宮崎県宮崎市月見ケ丘一丁目,31.882484,131.423395,766,321,0.10528165521376252,0.14197171353615978,0.20686159573123264,0.28179165171169807,0.3358912319983292
宮崎県宮崎市月見ケ丘七丁目,31.8780156,131.4146404,433,195,0.07710518441547748,0.08517585648817994,0.10835628507594298,0.13566548774294904,0.15406524569315308
宮崎県宮崎市月見ケ丘三丁目,31.875341,131.418765,506,231,0.07493615933998674,0.08362937650903718,0.10265029545155237,0.1305983800772044,0.15028775788531196
宮崎県宮崎市月見ケ丘二丁目,31.878202,131.421968,1389,645,0.07908624582144609,0.09589464137783085,0.132740892528015,0.17431197223867176,0.20437850819040712
宮崎県宮崎市月見ケ丘五丁目,31.8828032,131.4181625,1166,567,0.13228172765811466,0.18108844572717914,0.2654345655382406,0.3579134850573183,0.42090650094966353
宮崎県宮崎市月見ケ丘六丁目,31.8801829,131.4135387,912,431,0.07877295263799643,0.0860199384738643,0.11202811777647251,0.13737269420547188,0.1534372372760333
宮崎県宮崎市月見ケ丘四丁目,31.8782513,131.4180509,912,405,0.07860531479653905,0.09539105772365512,0.13058550036034247,0.16919202786392695,0.19644144979841355
宮崎県宮崎市木原上木原,31.9092987,131.4266458,687,270,0.08368835031040014,0.09917870856837586,0.1226132877179579,0.14645916590752178,0.1625932813876535
宮崎県宮崎市木原下木原,31.9972217,131.4593408,390,147,0.06994055555568841,0.10251085360318356,0.16542984152538398,0.23829362484100797,0.28659966971690126
宮崎県宮崎市木原中木原,31.9092987,131.4266458,301,169,0.08368835031040014,0.09917870856837586,0.1226132877179579,0.14645916590752178,0.1625932813876535
宮崎県宮崎市木原新町,38.9032635,141.5542203,1236,823,0.021324647747008985,0.021286734006567328,0.02122856564710452,0.02116884690919863,0.02112817716717418
宮崎県宮崎市木原永田,31.9092987,131.4266458,291,171,0.08368835031040014,0.09917870856837586,0.1226132877179579,0.14645916590752178,0.1625932813876535
宮崎県宮崎市木原黒坂,,,331,120,,,,,
宮崎県宮崎市末広一丁目,31.911823,131.418278,620,437,0.07034799183315694,0.07638696913722468,0.08613293517600677,0.09772630621726107,0.10520989073851694
宮崎県宮崎市末広二丁目,31.913958,131.414277,416,307,0.06809363610974488,0.07384313509406461,0.08039746615547808,0.08520497357194798,0.08772158495852232
宮崎県宮崎市本郷一丁目,31.8662171,131.4288647,506,223,0.06284290333852291,0.06943945627623455,0.09030257991934532,0.1491460975486364,0.20154704750302102
宮崎県宮崎市本郷三丁目,31.863574,131.427975,425,181,0.06145749580790869,0.06817293530965454,0.07579704205982218,0.1070643520116393,0.1424845391692201
宮崎県宮崎市本郷二丁目,31.8639134,131.4297685,332,152,0.06100784714904096,0.06737740502792412,0.08753934598315054,0.14493952164499457,0.19634689153279813
宮崎県宮崎市村角町,31.952936,131.4519417,3008,1165,0.1057897648265007,0.12641619430393153,0.15538597261380166,0.18147786519993692,0.19813724620622536
宮崎県宮崎市東上那珂,32.024426,131.435168,2751,1032,0.05367269760028898,0.06122102475388672,0.07209332409696692,0.08195142084697714,0.08774833374128495
宮崎県宮崎市東大宮一丁目,31.945605,131.435716,566,242,0.07966516348961662,0.09898318084352306,0.14408978829366034,0.1980320797914013,0.2382741298754804
宮崎県宮崎市東大宮三丁目,31.9478037,131.4403987,446,184,0.09348139244795456,0.10797256235479152,0.12581374432804518,0.16314386340642048,0.19111723633399164
宮崎県宮崎市東大宮二丁目,31.948024,131.436647,965,419,0.09576859555178856,0.13172831645303962,0.196645721393151,0.27172126162475363,0.3250700497802428
宮崎県宮崎市東大宮四丁目,31.944738,131.438643,892,354,0.07865294058766308,0.08915667535863735,0.10778553806695379,0.1433532707112104,0.16976488611466659
宮崎県宮崎市東大淀一丁目,31.9004023,131.4262793,486,259,0.09835080140493094,0.11271065291320881,0.13170251857062162,0.14801688405109992,0.15757688453954558
宮崎県宮崎市東大淀二丁目,31.895206,131.422057,274,137,0.17446787712098302,0.20419763239530386,0.23949074732622536,0.2651839963368979,0.2781548253461689
宮崎県宮崎市東宮一丁目,31.850028,131.429725,1336,446,0.05425044697208202,0.060266205760891776,0.06800105396725552,0.07416706949464477,0.0774393697759473
宮崎県宮崎市東宮二丁目,31.8512267,131.4251251,1264,389,0.05511495234330745,0.06127082331270795,0.06915986920313648,0.07542629124789584,0.07874849017800145
宮崎県宮崎市松小路,,,50,22,,,,,
宮崎県宮崎市松山一丁目,31.9059753,131.4268062,715,516,0.06999602655789174,0.07645707589172172,0.08393831446989539,0.08948252557187222,0.09376038813987826
宮崎県宮崎市松山二丁目,31.904835,131.428624,147,101,0.07148207926874411,0.07855793742551292,0.08709562262143103,0.09384140149181219,0.09760653057277936
宮崎県宮崎市松橋一丁目,31.9099519,131.4180335,578,390,0.0784996375193214,0.08686741495492593,0.0973009949971904,0.1058785799421855,0.11082242604652448
宮崎県宮崎市松橋二丁目,31.912742,131.413889,712,418,0.07309894385601083,0.08032440346642004,0.08919618847846882,0.09641849998762965,0.10059182674020806
宮崎県宮崎市柳丸町,31.9262688,131.4343733,2451,1182,0.08231399269858307,0.0958951176534995,0.11902009653806649,0.14576918110033743,0.1631857090971311
宮崎県宮崎市桜ケ丘町,31.9290302,131.3980739,1132,441,0.1360564382073042,0.16995337417436204,0.22019776160224475,0.26592295432678237,0.2925397654634263
宮崎県宮崎市桜町,31.950311,131.437892,1229,432,0.10384312520184077,0.14192067747649978,0.20728779539193995,0.27781107251374804,0.3251631402753772
宮崎県宮崎市権現町,31.9302343,131.4348024,994,522,0.06588332790942317,0.07487078410145032,0.09602526673708621,0.11981992146397226,0.13619515004455143
宮崎県宮崎市橘通東一丁目,31.907505,131.422613,630,424,0.07567438155635514,0.0826763790275611,0.09068199154838404,0.09643546004668513,0.0992975748922236
宮崎県宮崎市橘通東三丁目,31.9148358,131.4239382,216,147,0.11252998299976981,0.13885568268047488,0.17959518284208412,0.22030886149905485,0.24655897740267227
宮崎県宮崎市橘通東二丁目,31.911601,131.423424,185,155,0.08717333606602592,0.10406221747313557,0.12987166428001773,0.1562885900995661,0.17416432314436375
宮崎県宮崎市橘通東五丁目,31.922086,131.4254322,969,660,0.10278719633636153,0.12137285559766291,0.14467267341126724,0.16145961494848854,0.16905243340117052
宮崎県宮崎市橘通東四丁目,31.9182215,131.4245726,422,239,0.1271482281380038,0.157581828955703,0.20264283807097588,0.24438525526639993,0.26936468421005155
宮崎県宮崎市橘通西一丁目,31.9080978,131.4205882,283,173,0.07952669143990627,0.08776737483684993,0.0977207153772283,0.10546757060322248,0.10965751811687478
宮崎県宮崎市橘通西三丁目,31.9149575,131.4223071,3,2,0.09791477691785598,0.118896860148095,0.15130498785322524,0.18426298960806187,0.20613520177091565
宮崎県宮崎市橘通西二丁目,31.911594,131.421722,228,181,0.07840907064939662,0.09204901604119352,0.11238765274688572,0.1328449296598443,0.14661783921703156
宮崎県宮崎市橘通西五丁目,31.9222258,131.4239406,572,357,0.09255055310885225,0.1079038326846672,0.1398259136443716,0.1735628409280235,0.1948913914593384
宮崎県宮崎市橘通西四丁目,31.918507,131.422954,31,22,0.1072368392500912,0.13081383477254394,0.1660273586412552,0.19969476926550683,0.22064708324058313
宮崎県宮崎市正手一丁目,31.8576232,131.3871011,661,334,0.16445081669780748,0.2559837319508484,0.43409500707413284,0.6235040561400131,0.7319051542335633
宮崎県宮崎市正手三丁目,31.8613089,131.3845005,533,259,0.38067157149235137,0.573843016447078,0.8080710796954305,0.9272499400204756,0.96340116445353
宮崎県宮崎市正手二丁目,31.861101,131.387848,661,364,0.3045698252546188,0.47223582122583496,0.7157655966446209,0.8727559806750217,0.9295768152210376
宮崎県宮崎市永楽町,31.9060925,131.4337027,1218,662,0.06842433928058168,0.07863745684520505,0.0932878132323191,0.10757877431750917,0.11708029134384366
宮崎県宮崎市江南一丁目,31.9067821,131.4017226,815,345,0.09370754850640049,0.10774957166470714,0.12718812281903438,0.1450587663270638,0.15628964749778135
宮崎県宮崎市江南三丁目,31.9093977,131.398293,428,183,0.0916835187339193,0.10895126263552271,0.13476439714586105,0.16040681589629951,0.17737426658854535
宮崎県宮崎市江南二丁目,31.906082,131.399204,971,400,0.09023823443192583,0.10336922875164152,0.12134718675328861,0.13763399235335216,0.14774376780239107
宮崎県宮崎市江南四丁目,31.9057451,131.3968261,657,271,0.0857228068595103,0.09760292771649014,0.1135800649558659,0.1277140925230443,0.13630715985556277
宮崎県宮崎市江平中町,31.923474,131.427235,706,408,0.0956842484476482,0.12152040689307536,0.1609122936198685,0.1979213871419798,0.22039464010821302
宮崎県宮崎市江平東一丁目,31.9270089,131.427261,1105,634,0.18655871060296686,0.2509378326669646,0.33896565546675744,0.403664857876945,0.43322363558109545
宮崎県宮崎市江平東二丁目,31.930055,131.428452,391,221,0.11243993866219641,0.15072218942026497,0.21411757278520796,0.27791522376414646,0.3170750638811432
宮崎県宮崎市江平東町,31.925392,131.429084,925,486,0.10585063213480106,0.13783590441965077,0.18792870711416323,0.23640467472965343,0.26613130455863493
宮崎県宮崎市江平町一丁目,31.9240973,131.4259142,21,17,0.12386078799753909,0.1636437746170705,0.22533226628403916,0.28296360532900133,0.3167543639045378
宮崎県宮崎市江平西一丁目,31.926083,131.4248976,577,324,0.2601878435433093,0.33728632664196784,0.4193296461033647,0.46278539349047876,0.4780487917791986
宮崎県宮崎市江平西二丁目,31.9296239,131.4263423,346,190,0.15139481403477417,0.20600308095644046,0.2894372123067851,0.3609974727477013,0.3980695247301568
宮崎県宮崎市池内町,31.9692292,131.4147088,1694,610,0.08792260084179206,0.1049277376916175,0.13022886795313757,0.15443459483281247,0.16964592027042444
宮崎県宮崎市池田台北クリーン池田台,,,1282,426,,,,,
宮崎県宮崎市池田台第三池田台,,,1495,575,,,,,
宮崎県宮崎市波島一丁目,31.9390662,131.4468402,1160,509,0.06010508385601482,0.06581071943553589,0.07260529431859375,0.07777346126604308,0.08053622602296119
宮崎県宮崎市波島二丁目,31.9379623,131.4492166,1119,502,0.05687499830519137,0.06167254621886586,0.06708856281412436,0.07237924496674283,0.07716006404898396
宮崎県宮崎市浦之名久木野（大字浦之名）,,,83,29,,,,,
宮崎県宮崎市浦之名去川（去川）,,,33,25,,,,,
宮崎県宮崎市浦之名小田元（大字浦之名）,,,144,49,,,,,
宮崎県宮崎市浦之名川原田（中央）,,,193,92,,,,,
宮崎県宮崎市浦之名川口，梁瀬（大字浦之名）,,,108,51,,,,,
宮崎県宮崎市浦之名深水（大字浦之名）,,,122,58,,,,,
宮崎県宮崎市浦之名片前（去川）,,,44,22,,,,,
宮崎県宮崎市浦之名田之平（大字浦之名）,,,140,68,,,,,
宮崎県宮崎市浦之名西区（中央）,,,34,14,,,,,
宮崎県宮崎市浦之名赤谷（中央）,,,327,134,,,,,
宮崎県宮崎市浮城町,31.930018,131.4379191,238,101,0.06435807611603,0.07327097605560555,0.08507969250246733,0.09510467144675741,0.10083478292279961
宮崎県宮崎市淀川一丁目,31.9046539,131.4180359,389,184,0.10385375694602436,0.1173081176945564,0.13299860182732967,0.1763079876329833,0.21277919400501988
宮崎県宮崎市淀川三丁目,31.899405,131.415911,313,145,0.1674876944066458,0.19316479294513583,0.2231791652439684,0.245013183354427,0.25613315507516254
宮崎県宮崎市淀川二丁目,31.9019172,131.4163043,240,142,0.13202607281558296,0.14876247511832116,0.21464977937341703,0.29721157408211546,0.35705035058471096
宮崎県宮崎市清水一丁目,31.91948,131.421757,770,534,0.0943212309217427,0.11305668701843281,0.14038301022926913,0.16597219872881316,0.1816896100687412
宮崎県宮崎市清水三丁目,31.9196308,131.4173603,687,433,0.070593228135694,0.08149049537920156,0.09677332902028445,0.11086489985692416,0.11960047774587804
宮崎県宮崎市清水二丁目,31.9193737,131.4200787,708,389,0.08384375354816956,0.09914245590672831,0.12133309693985332,0.14226858341192702,0.1553275214856858
宮崎県宮崎市源藤町,31.8852284,131.4126824,2687,1307,0.1453710682605676,0.196090155341574,0.2719357694047709,0.3379282599313038,0.37377509941290377
宮崎県宮崎市潮見町,31.9043961,131.4392307,1577,848,0.05706650767150354,0.06346805706041318,0.0716579995401603,0.0798779005518101,0.0850895366306565
宮崎県宮崎市瀬頭一丁目,31.9069947,131.4294674,479,242,0.07251382318810333,0.08395496497352156,0.10058105582776412,0.11696248402086608,0.12789148019279628
宮崎県宮崎市瀬頭二丁目,31.909456,131.430404,542,347,0.09255797138827514,0.11149492494265824,0.14073689784683246,0.1708320521520557,0.19117809278549056
宮崎県宮崎市瀬頭町,31.906778,131.4306883,28,16,0.0722046556253833,0.08361649033772278,0.10023834747143451,0.11667130557533589,0.12767104588668104
宮崎県宮崎市生目台東一丁目,31.9035122,131.3837066,540,233,0.06908603091755168,0.0786526005222027,0.09362858615240974,0.10787637770785864,0.11707316924704629
宮崎県宮崎市生目台東三丁目,31.901137,131.3761594,1092,472,0.0638471511069093,0.07109252283748657,0.08216341389024251,0.09373660577865199,0.1011261027445071
宮崎県宮崎市生目台東二丁目,31.901781,131.380137,581,251,0.06686964242766008,0.07469445910883803,0.08564443882486328,0.09777239869744783,0.10550505273089995
宮崎県宮崎市生目台東五丁目,31.907101,131.381244,346,136,0.07514830451767958,0.08850123851587383,0.10857736678463943,0.1286766481659469,0.14211190660154852
宮崎県宮崎市生目台東四丁目,31.9056469,131.3774256,1364,560,0.06891973359522305,0.08034773827270478,0.09728241391375779,0.1139895127515599,0.12505689755368968
宮崎県宮崎市生目台西一丁目,31.9097788,131.374264,361,155,0.07228513203414179,0.08528052023009307,0.10503010696403924,0.12497410612068198,0.1383617031054709
宮崎県宮崎市生目台西三丁目,31.9075408,131.3702638,408,135,0.0656026010847368,0.07644943020394247,0.09265277010228694,0.1087453617815988,0.11944394980955064
宮崎県宮崎市生目台西二丁目,31.906058,131.372558,1109,460,0.0657336846328714,0.07643787095982009,0.09231786963194336,0.10798876579692304,0.11836836181371643
宮崎県宮崎市生目台西五丁目,31.901334,131.37007,461,192,0.05967029408561269,0.06720703989700592,0.07923583426406795,0.09063797466615812,0.09797309266142001
宮崎県宮崎市生目台西四丁目,31.9031581,131.3714063,557,232,0.06147247190667277,0.07072424615903558,0.08415224779931875,0.09709321362541838,0.10552343151513682
宮崎県宮崎市田代町,31.9033054,131.4488089,1663,890,0.07354064298573548,0.08816543009284901,0.10981915025129868,0.1307537341583766,0.1441407529043222
宮崎県宮崎市甲上井倉（東分団）,,,391,167,,,,,
宮崎県宮崎市甲上桜町（中央分団）,,,61,27,,,,,
宮崎県宮崎市甲下井倉（東分団）,,,468,195,,,,,
宮崎県宮崎市甲下桜町（中央分団）,,,156,66,,,,,
宮崎県宮崎市甲中尾（東分団）,,,223,91,,,,,
宮崎県宮崎市甲中桜町（中央分団）,,,90,44,,,,,
宮崎県宮崎市甲中渡瀬（南分団）,,,169,68,,,,,
宮崎県宮崎市甲二ツ山（東分団）,,,412,182,,,,,
宮崎県宮崎市甲今村（東分団）,,,444,217,,,,,
宮崎県宮崎市甲仏堂園（南分団）,,,103,47,,,,,
宮崎県宮崎市甲倉谷（南分団）,,,15,7,,,,,
宮崎県宮崎市甲元野（南分団）,,,87,37,,,,,
宮崎県宮崎市甲前平天神（東分団）,,,194,102,,,,,
宮崎県宮崎市甲北寺町（南分団）,,,64,45,,,,,
宮崎県宮崎市甲南寺町（南分団）,,,208,88,,,,,
宮崎県宮崎市甲尾脇（南分団）,,,118,49,,,,,
宮崎県宮崎市甲持田（南分団）,,,6,3,,,,,
宮崎県宮崎市甲新村（南分団）,,,195,78,,,,,
宮崎県宮崎市甲明神原（中央分団）,,,28,10,,,,,
宮崎県宮崎市甲朝日町（中央分団）,,,379,167,,,,,
宮崎県宮崎市甲木材町（北分団）,,,195,101,,,,,
宮崎県宮崎市甲東桜町（北分団）,,,131,65,,,,,
宮崎県宮崎市甲桂谷（南分団）,,,8,5,,,,,
宮崎県宮崎市甲梅谷（東分団）,,,277,109,,,,,
宮崎県宮崎市甲楠原（南分団）,,,33,17,,,,,
宮崎県宮崎市甲石久保（東分団）,,,211,59,,,,,
宮崎県宮崎市甲築地原（南分団）,,,305,123,,,,,
宮崎県宮崎市甲船ケ山（東分団）,,,101,42,,,,,
宮崎県宮崎市甲西桜町（北分団）,,,25,13,,,,,
宮崎県宮崎市甲黒草（南分団）,,,94,39,,,,,
宮崎県宮崎市矢の先町,31.9404884,131.4184528,527,238,0.050618952964637934,0.05435868518786076,0.06884344788012778,0.08443472263346032,0.09549631164845941
宮崎県宮崎市石崎一丁目,32.005692,131.474133,204,73,0.11568351012736793,0.17714388311487117,0.28322314247638003,0.375361713904216,0.4190700149720354
宮崎県宮崎市石崎三丁目,32.0068631,131.4767405,234,106,0.08837121148222318,0.13409801872118576,0.22093048393413178,0.3118182936036446,0.36386337237674365
宮崎県宮崎市石崎二丁目,32.00754,131.475287,354,134,0.09319435315033643,0.1418770415213798,0.2329813697223128,0.32528686716308775,0.3762961224449986
宮崎県宮崎市祇園一丁目,31.9272262,131.4086568,548,231,0.09758643859489947,0.11750419758827252,0.1479256099469192,0.17848460251197076,0.19862993667625495
宮崎県宮崎市祇園三丁目,31.9354811,131.4102815,820,473,0.06921132717945618,0.07927991268599971,0.09336625104398495,0.10634410901117242,0.11442164944408692
宮崎県宮崎市祇園二丁目,31.930668,131.409465,613,299,0.0830607865300383,0.09771235997441087,0.11929822431520684,0.1402767137353354,0.15383691554905332
宮崎県宮崎市祇園四丁目,31.939669,131.409593,695,401,0.0628167668114212,0.0710585594235643,0.08229824679955897,0.09240220001755418,0.09860562582033475
宮崎県宮崎市神宮一丁目,31.932664,131.423587,926,439,0.09189180711383259,0.12183773220126659,0.1734426243981095,0.22969615108051883,0.2673220687515992
宮崎県宮崎市神宮二丁目,31.9362461,131.423292,358,197,0.06368374062210713,0.08069235056101541,0.10970637347190669,0.14269167601003246,0.1665604635619925
宮崎県宮崎市神宮東一丁目,31.933457,131.427014,1025,532,0.08179448167767531,0.10687023921361737,0.1500579708350422,0.1980859252105229,0.23129501694022248
宮崎県宮崎市神宮東三丁目,31.9384125,131.428643,956,507,0.05187640737882473,0.0634375943736986,0.08219960937851495,0.10268884098595413,0.11727469783046406
宮崎県宮崎市神宮東二丁目,31.935818,131.427416,988,516,0.06459394298436696,0.08183741482022075,0.11113407419213556,0.1442437220323317,0.16806867062856062
宮崎県宮崎市神宮町,31.9404505,131.4269224,79,29,0.056169138085984095,0.060276991992575274,0.07037350688649428,0.08559913398303093,0.09611145951921925
宮崎県宮崎市神宮西一丁目,31.9369281,131.41878,1050,514,0.055299922212591376,0.06866612801107647,0.09103521629053782,0.11625842477754009,0.13461413574708359
宮崎県宮崎市神宮西二丁目,31.939133,131.418702,884,479,0.048865160308272496,0.05929754647087888,0.07646924963494117,0.09536867179865283,0.10897104786068171
宮崎県宮崎市福島町,31.9095119,131.4021699,640,239,0.0833400944480232,0.09698855299645683,0.11655352216005943,0.13524744514382325,0.14732984736189278
宮崎県宮崎市福島町一丁目,31.906355,131.409458,16,6,0.11343050301789531,0.13318085470620236,0.16151081943439444,0.18840225095582513,0.20556790964819377
宮崎県宮崎市福島町三丁目,31.908539,131.406518,264,145,0.09422625727560177,0.10815986794905166,0.12751291991060024,0.14546999424180185,0.15686717276244333
宮崎県宮崎市福島町二丁目,31.9066545,131.4084273,68,36,0.10974853568730907,0.12850196255514557,0.15540652300234836,0.18104067055042797,0.1975006383357053
宮崎県宮崎市稗原町,31.9082055,131.4511746,616,313,0.11784733186434261,0.14519043747656368,0.18240662697232768,0.21319336904563208,0.2300178502990425
宮崎県宮崎市紙屋瀬越（大字浦之名）,,,65,35,,,,,
宮崎県宮崎市老松一丁目,31.9118477,131.430801,741,395,0.1224753695656675,0.15235751644524997,0.19846911881159962,0.24389710953517874,0.2726124200934316
宮崎県宮崎市老松二丁目,31.9135979,131.431189,727,370,0.15843035081357643,0.20008313915140188,0.26084159483715064,0.31450038843942474,0.3447468918621211
宮崎県宮崎市船塚一丁目,31.926349,131.418612,421,237,0.0880838149101149,0.11539661901536534,0.1618748671900868,0.2124362028447803,0.24659643701251485
宮崎県宮崎市船塚三丁目,31.933422,131.4187428,744,323,0.0690299672246971,0.08845284268796506,0.12186324284470063,0.15985429031703074,0.18712309164606206
宮崎県宮崎市船塚二丁目,31.9292729,131.418795,777,385,0.08888231115940824,0.11711174617920903,0.16560950184716763,0.2187180064233547,0.2546226792661518
宮崎県宮崎市船引庵屋,,,259,97,,,,,
宮崎県宮崎市船引正手,,,610,275,,,,,
宮崎県宮崎市船引船引,34.0951061,133.6500306,424,173,0.020544164853610904,0.02032038598065148,0.02036725026448045,0.021545119739065706,0.02235019716740008
宮崎県宮崎市船引西新町,,,967,588,,,,,
宮崎県宮崎市船引黒北,,,428,166,,,,,
宮崎県宮崎市花ケ島町,31.948854,131.432017,4623,2166,0.136279344821082,0.19650392097695982,0.3070555113576267,0.4304058080537919,0.5118612820858496
宮崎県宮崎市花山手東一丁目,31.904282,131.406882,786,325,0.12595028015305992,0.14989490525426258,0.1845857636476517,0.2175327745003871,0.23841938456810002
宮崎県宮崎市花山手東三丁目,31.900014,131.401701,719,298,0.12043444519209934,0.14308534583764393,0.1757778996988315,0.2067196035724466,0.22633845764345384
宮崎県宮崎市花山手東二丁目,31.9041838,131.4036476,875,342,0.11312685899070721,0.13342447995980192,0.16278775234496362,0.19089316892257868,0.20896387773244357
宮崎県宮崎市花山手西一丁目,31.9038657,131.4001947,768,304,0.10127559762653816,0.11808384741318012,0.1420561931970096,0.1647753145833235,0.17935965752642902
宮崎県宮崎市花山手西二丁目,31.9002966,131.396194,1002,374,0.09604338313961029,0.11166041573920313,0.1338277733671974,0.15469652050444077,0.1680308755696081
宮崎県宮崎市花殿町,31.9243235,131.4190655,409,218,0.08184434183782617,0.10578793267538744,0.14605227513503174,0.18982041037014694,0.2197176497142055
宮崎県宮崎市花見中山（東高岡）,,,401,164,,,,,
宮崎県宮崎市花見城ケ峯（東高岡）,,,137,56,,,,,
宮崎県宮崎市花見宮水流（穆佐）,,,36,4,,,,,
宮崎県宮崎市花見小山田（穆佐）,,,40,14,,,,,
宮崎県宮崎市花見粟野（東高岡）,,,69,28,,,,,
宮崎県宮崎市花見花見（東高岡）,,,450,180,,,,,
宮崎県宮崎市薫る坂一丁目,31.8935419,131.3993456,461,147,0.10572546558178585,0.12338025389754934,0.14773023763021192,0.1696029483734939,0.18295565658696353
宮崎県宮崎市薫る坂二丁目,31.8901414,131.4010683,599,226,0.1008325059845613,0.11592544972469224,0.13537212265609438,0.15123646124819537,0.16007592816524804
宮崎県宮崎市西上那珂,32.028495,131.399456,1133,433,0.04843658325689483,0.05475648930707583,0.06410781370143545,0.07313555307416698,0.0789239832787658
宮崎県宮崎市西新町,37.0026899,119.4303222,281,138,0.021386984555113172,0.021363538093294707,0.021328311443887568,0.021293016771691407,0.02126944938018215
宮崎県宮崎市西池町,31.921443,131.419227,655,331,0.07501342442475896,0.08674537047597103,0.10245007995614612,0.12587241170640562,0.14287704145147434
宮崎県宮崎市西高松町,31.9162541,131.4134404,245,149,0.0679978092003071,0.07637410518034281,0.08755824660692214,0.09756628411062665,0.10377439328020488
宮崎県宮崎市谷川一丁目,31.903966,131.415118,284,141,0.12638545905774945,0.14697146614310747,0.17360808391507054,0.19497722895662797,0.20631656720739353
宮崎県宮崎市谷川三丁目,31.904217,131.41129,148,63,0.13711827116427255,0.16328550224226124,0.20028319064557035,0.23411667040121847,0.2547867661507793
宮崎県宮崎市谷川二丁目,31.9050617,131.4126625,471,276,0.12503420771552434,0.14726391141921988,0.17835500236576635,0.20659117754195166,0.22379095532385104
宮崎県宮崎市谷川町三丁目,31.9055322,131.4096007,6,3,0.12114518543050247,0.14319365218380584,0.17487535646381003,0.20480157900549717,0.22373580627279943
宮崎県宮崎市錦本町,31.921673,131.429731,333,197,0.14045240475428106,0.18315714211984835,0.24872133573947805,0.3115985638046217,0.35074030363583236
宮崎県宮崎市錦町,31.9165805,131.4313835,516,304,0.30531931454745237,0.36641765801872905,0.42565936804041243,0.4572192164156812,0.46940577669847267
宮崎県宮崎市阿波岐原町,31.9375321,131.457628,3768,1452,0.054316460890382945,0.058657806084050676,0.06633654445284534,0.0748552138928024,0.08023853645320123
宮崎県宮崎市霧島一丁目,31.9267484,131.4137195,511,242,0.07128494742858922,0.08069064941958437,0.09281567882529794,0.11204559423692917,0.12780026819074647
宮崎県宮崎市霧島三丁目,31.932212,131.414228,581,328,0.06363994527144065,0.07100040514796452,0.09133180092832338,0.1157873543876993,0.13333558286261352
宮崎県宮崎市霧島二丁目,31.929402,131.414031,1062,471,0.06728572599269708,0.07549562637675088,0.09529234446727433,0.12075728315028388,0.1388860214601069
宮崎県宮崎市霧島五丁目,31.937552,131.414524,276,169,0.05719508137599121,0.06316216025875857,0.07260099213729816,0.08982217310875475,0.10214134305198039
宮崎県宮崎市霧島四丁目,31.934636,131.414399,690,383,0.06059396075716467,0.06730149547042898,0.08362404794595846,0.10522931199011908,0.12077571270540528
宮崎県宮崎市青島一丁目,31.803978,131.464137,336,158,0.04124009641401278,0.04464499514381186,0.04968134147532286,0.054357081236513234,0.05717151432143985
宮崎県宮崎市青島三丁目,31.796047,131.470438,410,196,0.039993695101564725,0.043206282027251096,0.04773338027787334,0.05215700881667935,0.054837489952465936
宮崎県宮崎市青島二丁目,31.8011451,131.4680352,346,174,0.040693890540648835,0.04401161186502993,0.04884105647247339,0.05340441770290394,0.056158168542723125
宮崎県宮崎市青島五丁目,31.7915452,131.4689327,202,92,0.039557970116471865,0.042709372268975,0.04701520214832888,0.05135345078920895,0.05399098968307218
宮崎県宮崎市青島六丁目,31.7922878,131.4723556,238,106,0.0394932720259131,0.04262780480094208,0.046944676528343984,0.05126408021632753,0.05388879716253019
宮崎県宮崎市青島四丁目,31.7960821,131.468544,345,146,0.040086454643035646,0.04331736892511363,0.04786356328339395,0.052309809762619675,0.055003880239167954
宮崎県宮崎市青島西一丁目,31.803409,131.459862,305,117,0.04139247009036216,0.044832829701803016,0.04986839849303905,0.0545819763857626,0.05741951027795732
宮崎県宮崎市青島西二丁目,31.8003339,131.4653782,329,153,0.040734469104826095,0.04406634380907625,0.04887577289098287,0.05345434686513174,0.056218920060256035
宮崎県宮崎市青葉町,31.920869,131.436667,627,391,0.10742616057594542,0.1348714849375641,0.18228353205234007,0.2311191001378917,0.2635072329790007
宮崎県宮崎市飯田丸山（中央）,,,179,89,,,,,
宮崎県宮崎市飯田井上（中央）,,,572,209,,,,,
宮崎県宮崎市飯田東区（中央）,,,40,24,,,,,
宮崎県宮崎市飯田板ケ八重（大字内山）,,,44,24,,,,,
宮崎県宮崎市飯田町（中央）,,,6,5,,,,,
宮崎県宮崎市飯田飯田（中央）,35.5187619,137.8249136,998,355,0.021234271478631928,0.021175038592641672,0.02108289859719979,0.020986842735466794,0.020920649739651416
宮崎県宮崎市高千穂通一丁目,31.917886,131.4269217,394,257,0.1750418266487874,0.2198416192229907,0.28111093013731653,0.3306163348060681,0.3565902972143266
宮崎県宮崎市高千穂通二丁目,31.917581,131.429077,717,421,0.27527548455124173,0.33568390157930583,0.39953814964960305,0.4370061905050917,0.45251277478368224
宮崎県宮崎市高松町,31.914249,131.419182,468,184,0.07580717466849388,0.08873417826265721,0.1079399726922232,0.12719311387846174,0.14013284823549832
宮崎県宮崎市高洲町,31.8993706,131.4463091,1944,924,0.05569594026527144,0.06442906020623862,0.07696550774304078,0.08904255618829568,0.09693910499299006
宮崎県宮崎市高浜栗野（東高岡）,,,159,76,,,,,
宮崎県宮崎市高浜楠見（中央）,,,53,25,,,,,
宮崎県宮崎市高浜粟野（東高岡）,,,178,74,,,,,
宮崎県宮崎市高浜花見（東高岡）,,,2,1,,,,,
宮崎県宮崎市高浜高浜（中央）,35.4848715,135.5439944,480,185,0.021035727258831356,0.020931700304300787,0.020769295046055347,0.020599366516745557,0.02048197086494522
宮崎県宮崎市鶴島一丁目,31.90851,131.415571,452,299,0.09122075632260816,0.1034664958534265,0.11990777949240312,0.1345610356258542,0.14352638557980243
宮崎県宮崎市鶴島三丁目,31.9123994,131.4081015,1690,926,0.07843623390880558,0.09032624064458454,0.10723286012769155,0.123412768581751,0.13395622492570497
宮崎県宮崎市鶴島二丁目,31.9103586,131.4115282,605,328,0.08598702547783615,0.09717385650572642,0.11228295301194366,0.12599356737853645,0.13460009442936577
