t,z[,Z,ܓx,ox,P䐔,S䐔
2025/04/26,dunRV{,{茧{s]1-5-26,31.92708728,131.4250734,0,627
2025/04/25,I[V,{茧{sPvt990-1,31.88590008,131.419566,392,209
2025/04/25,r@cfRXX,{茧sm3380-5,32.42614056,131.6514968,589,411
2025/04/25,r@cfRXswOX,{茧ssh20-1,31.73524983,131.0729215,563,476
2025/04/24,Vo[obNsX,{茧ssg150,31.75391079,131.0840258,429,299
2025/04/23,_[hPPWW{FmX,{茧{sFm736,31.96160157,131.4389747,640,681
2025/04/01,}n{X,{茧{sgKa41-1,31.91732052,131.4457345,560,400
2025/03/07,iRpXS[h,{茧{sFmjc975-1,31.96345341,131.4422664,643,572
2025/03/07,Vo[obNX,{茧smc3380-55,32.42681237,131.6497353,442,339
2025/02/22,`rsxsX,{茧ss9071-2,31.7015871,131.0433527,320,160
2025/01/24,̊یÐX,{茧sÐ쒬614-1,32.58518307,131.6542333,400,200
2024/12/28,p[[I[VJwOX,{茧ssَq쒬10341-1,31.78719542,131.0513337,264,106
2024/12/27,}n{X,{茧{s1-5-1,31.89780829,131.4124023,672,756
2024/12/27,_[hPPWW{FmX,{茧{sFm736,31.96160157,131.4389747,640,681
2024/12/26,̊ۃZ^[,{茧sok6-3193,32.5728625,131.6803067,220,210
2024/12/20,bnqdQPX,{茧s601,31.59811799,131.3864484,405,241
2024/12/19,iRpXs{X,{茧ssO9431,32.10176648,131.4017629,448,193
2024/12/06,VEXX,{茧sʕ{3798-1,32.56779825,131.6828702,560,243
2024/12/04,iRpX勴X,{茧{s˒mO1612-1,31.92106195,131.3979654,679,522
2024/11/14,T_CXPX,{茧{s2-1-4,31.90091668,131.4182527,280,134
2024/10/11,bnqdQP쉄X,{茧s5-1505-23,32.54701305,131.6768808,288,216
2024/09/18,r@cfRX嗄X,{茧{s嗄4-10,31.89457036,131.4183746,709,630
2024/09/05,VgX,{茧sc11-1-1,31.61347813,131.3786389,353,120
2024/09/03,ad`l@jtrghl`,{茧Ԏsl1-17-3,31.45506535,131.2129005,360,165
2024/08/10,r@cfRX嗄X,{茧{s嗄4-10,31.89457036,131.4183746,709,630
2024/08/09,VgsX,{茧ssa1357,32.11434914,131.416477,220,120
2024/08/08,}n{X,{茧{s1-5-1,31.89780829,131.4124023,672,756
2024/08/08,iRpXPOOO{wOX,{茧{sђ1-43,31.9173525,131.4305987,622,426
2024/07/23,r@cfRXX,{茧sʕ{4303,32.56407844,131.6788778,585,415
2024/07/20,_CiX,{茧sm3389-46,32.44611276,131.6386734,320,160
2024/07/11,iRpXX,{茧{s3-22-6,31.86223093,131.3858565,350,153
2024/07/10,ۂsX,{茧ss钬1946-1,31.71754712,131.0764085,516,244
2024/07/10,ahfnotrPTsX,{茧ssS4577-3,31.73841626,131.0895403,479,510
2024/06/28,Vo[obN{݂ȂƓX,{茧{sh31,31.91264082,131.4535983,480,388
2024/06/22,_CiѓX,{茧юs223-4,31.98485838,131.0022607,320,120
2024/05/17,h}[NXbg,{茧{s厚ԍ]63,31.86834334,131.4357533,0,152
2024/04/26,_Ci{艄X,{茧s쌴蒬441-1,32.59413796,131.677453,320,191
2024/04/26,lflX,{茧s585,31.59661763,131.3887505,400,240
2024/04/26,s|l`wX,{茧S璬k玚801,32.12485466,131.5156399,360,180
2024/04/26,VEXXUsX,{茧sssk5814-1,31.75889141,131.0860824,380,216
2024/04/25,_CiԃPX,{茧{sԃPω978,31.95548069,131.4346932,320,205
2024/04/25,iRpX勴X,{茧{s˒mO1612-1,31.92106195,131.3979654,679,522
2024/04/24,iRpXsX,{茧ss_VR2253,31.75209388,131.1026019,532,273
2024/03/06,_CisX,{茧ssOŏ2332,32.11541242,131.3831149,320,160
2024/02/08,I[pXX,{茧{sc3167-2,31.93341959,131.3884139,580,280
2024/02/08,I[pXOғX,{茧ss쒬3666-1,31.72936179,131.1018901,504,279
2024/01/20,bnqdQPX,{茧s601,31.59811799,131.3864484,405,241
2024/01/11,}nsX,{茧ssg154-30,31.75477849,131.084156,520,200
2024/01/11,}nsX,{茧ss193,31.70578625,131.0592102,480,320
2023/12/29,ahfnotrPTsX,{茧ssS4577-3,31.73841626,131.0895403,479,510
2023/11/23,VEXX,{茧{sb3563-1,31.84245567,131.3415927,320,160
2023/10/07,dunRV{,{茧{s]1-5-26,31.92708728,131.4250734,0,627
2023/09/06,_CiX,{茧S璬cx쉺1404-32,32.15432218,131.529261,320,160
2023/08/25,܂݂X,{茧sm3380-1,32.42696027,131.6523664,490,255
2023/08/09,r@cfRXX,{茧sʕ{4303,32.56407844,131.6788778,585,415
2023/08/08,r@cfRXX,{茧sm3380-5,32.42614056,131.6514968,589,411
2023/08/08,r@cfRXswOX,{茧ssh20-1,31.73524983,131.0729215,563,476
2023/06/10,bnqdQPyX,{茧{sy߉3340-21,32.00214773,131.4687399,252,95
2023/04/29,r@cfRXX,{茧sʕ{4303,32.56407844,131.6788778,585,415
2023/04/29,_CiX,{茧s厚쎚~2708,31.59803583,131.3868147,360,120
2023/03/09,r@cfRX嗄X,{茧{s嗄4-10,31.89457036,131.4183746,709,630
2023/02/22,TNXb{X,{茧sb{3-3,32.58663234,131.6704163,167,66
2022/12/28,r@cfRXswOX,{茧ssh20-1,31.73524983,131.0729215,563,476
2022/12/28,VEXX,{茧{sb3563-1,31.84245567,131.3415927,320,160
2022/12/23,bnqdQP{X,{茧{stR247-4,31.88728724,131.4125986,318,200
2022/08/11,r@cfRXX,{茧sm3380-5,32.42614056,131.6514968,589,411
2022/08/11,̊ۖX,{茧PnS쒬{3-5-2,32.46877817,131.6493725,280,240
2022/07/21,bnqdQPX,{茧s1-33,32.42367595,131.6292735,482,293
2022/04/28,Vo[obN{݂ȂƓX,{茧{sh31,31.91264082,131.4535983,480,388
2022/04/21,I[pXX,{茧sl4731-2,32.56176705,131.6773778,340,324
2022/01/29,Vo[obNX,{茧smc3380-55,32.42681237,131.6497353,442,339
2021/08/07,bnqdQPX,{茧s1-33,32.42367595,131.6292735,482,293
2021/08/07,bnqdQPX,{茧s1-33,32.42367595,131.6292735,482,293
2021/08/07,bnqdQP쉄X,{茧s5-1505-23,32.54701305,131.6768808,288,216
2021/08/07,bnqdQPyX,{茧{sy߉3340-21,32.00214773,131.4687399,252,95
2021/08/07,bnqdQP{X,{茧{stR247-4,31.88728724,131.4125986,318,200
2020/11/12,iRpXPOOO{wOX,{茧{sђ1-43,31.9173525,131.4305987,622,426
2020/10/09,p[[G[r[V[ԃX,{茧{sԃPVn1115,31.95214937,131.4331344,437,85
2020/09/11,G[NX,{茧S璬k2411,32.11900881,131.5241065,288,213
2020/05/24,I[pXX,{茧s555-5,31.5979136,131.3861231,377,234
2020/02/22,_CisX,{茧ss܏\1531-10,31.7063523,131.0357521,320,160
2019/12/28,Vo[obNݐOғX,{茧kSOҒBc39-1,31.73318754,131.1079707,320,218
2019/12/14,_Ci{菺hX,{茧{sh147,31.91465403,131.4560265,360,200
2017/08/11,Vo[obN{݂ȂƓX,{茧{sh31,31.91264082,131.4535983,480,388
2017/06/08,I[pX{{X,{茧{s{w3-9-11,31.91945636,131.4317892,440,280
2016/10/14,̊ۉX,{茧s\1-169-7,32.55846554,131.6765902,240,130
2016/01/23,_Ci{X,{茧sr1831-1,32.4078586,131.6234805,320,160
2015/12/23,̊ېX,{茧S쒬厚20336,32.2264721,131.5457397,200,94
2015/09/19,_Ci{X,{茧sr1831-1,32.4078586,131.6234805,320,160
2015/06/26,}nsX,{茧ss193,31.70578625,131.0592102,480,320
2015/04/25,udf`@т,{茧т̎s喾i1179,32.04953922,130.8352836,216,135
2014/03/15,_Ci{菺hX,{茧{sh147,31.91465403,131.4560265,360,200
