address,population,households,latitude,longitude
宮崎県宮崎市,401339,184237,31.9076334,131.4204022
宮崎県宮崎市あけぼの一丁目（南分団）,125,45,,
宮崎県宮崎市あけぼの三丁目（南分団）,325,108,,
宮崎県宮崎市あけぼの二丁目（南分団）,215,67,,
宮崎県宮崎市あけぼの四丁目（南分団）,140,43,,
宮崎県宮崎市あさひ一丁目,232,105,,
宮崎県宮崎市あさひ二丁目,199,126,,
宮崎県宮崎市まなび野一丁目,707,236,31.862992,131.420411
宮崎県宮崎市まなび野三丁目,162,66,31.858738,131.416124
宮崎県宮崎市まなび野二丁目,978,360,31.8605357,131.4172577
宮崎県宮崎市一の宮町,572,291,31.9066207,131.4448151
宮崎県宮崎市上倉永上倉（穆佐）,228,101,,
宮崎県宮崎市上倉永内之八重（穆佐）,49,20,,
宮崎県宮崎市上倉永柞木橋（穆佐）,72,30,,
宮崎県宮崎市上倉永的野（穆佐）,231,98,,
宮崎県宮崎市上田島,4536,1916,39.1994682,117.7697454
宮崎県宮崎市上野町,386,243,31.9117635,131.4203664
宮崎県宮崎市下倉永上倉（穆佐）,82,27,,
宮崎県宮崎市下倉永下倉（穆佐）,247,107,,
宮崎県宮崎市下倉永宮水流（穆佐）,386,174,,
宮崎県宮崎市下倉永祇園台（穆佐）,899,342,,
宮崎県宮崎市下北方町,8083,3594,31.946976,131.416748
宮崎県宮崎市下原町,1224,631,31.9224237,131.4335981
宮崎県宮崎市下富田,21,9,23.5718326,116.761606
宮崎県宮崎市下田島（東）,7293,2929,38.911038,141.5450248
宮崎県宮崎市下田島（西）,8048,3281,36.8543743,119.4624074
宮崎県宮崎市下那珂,8173,3205,31.9972217,131.4593408
宮崎県宮崎市中央通,29,19,31.9151927,131.4210792
宮崎県宮崎市中村東一丁目,408,272,31.90231,131.419929
宮崎県宮崎市中村東三丁目,328,206,31.89567,131.417739
宮崎県宮崎市中村東二丁目,309,183,31.899209,131.41922
宮崎県宮崎市中村西一丁目,424,240,31.9024768,131.4182908
宮崎県宮崎市中村西三丁目,266,168,31.8955276,131.4167362
宮崎県宮崎市中村西二丁目,564,349,31.899664,131.417574
宮崎県宮崎市中津瀬町,1133,528,31.9226367,131.4174035
宮崎県宮崎市中西町,1828,824,31.9037665,131.4440534
宮崎県宮崎市丸山一丁目,633,354,31.926709,131.422666
宮崎県宮崎市丸山二丁目,1357,729,31.9292067,131.42342
宮崎県宮崎市丸島町,536,365,31.9210717,131.4267562
宮崎県宮崎市乙,40,10,31.9079054,131.4210997
宮崎県宮崎市乙七野（西分団）,266,92,,
宮崎県宮崎市乙三角寺（北分団）,114,47,,
宮崎県宮崎市乙上ノ原（西分団）,86,39,,
宮崎県宮崎市乙上下鷺瀬（北分団）,167,69,,
宮崎県宮崎市乙上学ノ木（中央分団）,52,28,,
宮崎県宮崎市乙上屋敷（北分団）,129,50,,
宮崎県宮崎市乙上桜町（中央分団）,83,36,,
宮崎県宮崎市乙下学ノ木（中央分団）,128,60,,
宮崎県宮崎市乙下屋敷（北分団）,194,84,,
宮崎県宮崎市乙中原（中央分団）,178,94,,
宮崎県宮崎市乙仮屋原（北分団）,102,45,,
宮崎県宮崎市乙仲町（中央分団）,122,56,,
宮崎県宮崎市乙元野（南分団）,40,17,,
宮崎県宮崎市乙光町（北分団）,182,87,,
宮崎県宮崎市乙八重（西分団）,80,36,,
宮崎県宮崎市乙公園台（北分団）,130,54,,
宮崎県宮崎市乙北桜町（北分団）,72,31,,
宮崎県宮崎市乙合又（中央分団）,179,77,,
宮崎県宮崎市乙向町（北分団）,92,39,,
宮崎県宮崎市乙唐仁田（西分団）,5,4,,
宮崎県宮崎市乙堀口（北分団）,48,24,,
宮崎県宮崎市乙塩水（西分団）,32,12,,
宮崎県宮崎市乙天神（西分団）,3,3,,
宮崎県宮崎市乙日南学園（北分団）,74,5,,
宮崎県宮崎市乙本町（中央分団）,39,21,,
宮崎県宮崎市乙東桜町（北分団）,70,31,,
宮崎県宮崎市乙松山（西分団）,162,38,,
宮崎県宮崎市乙法光坊（北分団）,299,122,,
宮崎県宮崎市乙灰ケ野（北分団）,53,22,,
宮崎県宮崎市乙片井野（西分団）,171,65,,
宮崎県宮崎市乙町光団地（北分団）,103,50,,
宮崎県宮崎市乙白砂ケ尾（北分団）,12,4,,
宮崎県宮崎市乙県光団地（北分団）,207,97,,
宮崎県宮崎市乙稲荷町（中央分団）,72,28,,
宮崎県宮崎市乙西桜団地（北分団）,59,25,,
宮崎県宮崎市乙西桜町（北分団）,32,12,,
宮崎県宮崎市乙野崎（西分団）,35,18,,
宮崎県宮崎市乙鹿村野（北分団）,77,30,,
宮崎県宮崎市五町中村（中央）,147,63,,
宮崎県宮崎市五町五区（中央）,185,88,,
宮崎県宮崎市五町井上（中央）,35,15,,
宮崎県宮崎市五町南城寺（大字内山）,6,2,,
宮崎県宮崎市五町原田（大字内山）,85,36,,
宮崎県宮崎市五町去川（去川）,12,7,,
宮崎県宮崎市五町押田（大字内山）,142,52,,
宮崎県宮崎市五町東区（中央）,159,59,,
宮崎県宮崎市五町片前（去川）,30,15,,
宮崎県宮崎市五町田中（大字内山）,57,26,,
宮崎県宮崎市五町町（中央）,200,88,,
宮崎県宮崎市五町西区（中央）,109,56,,
宮崎県宮崎市京塚一丁目,399,190,31.8981195,131.4128822
宮崎県宮崎市京塚二丁目,121,60,31.8974535,131.4110537
宮崎県宮崎市京塚町,250,143,31.8962999,131.4127273
宮崎県宮崎市今泉上今泉,671,227,34.8179639,135.5758876
宮崎県宮崎市今泉上大久保,375,134,,
宮崎県宮崎市今泉下今泉,390,140,23.6836086,117.003329
宮崎県宮崎市今泉下大久保,140,52,,
宮崎県宮崎市今泉丸目,170,69,,
宮崎県宮崎市今泉尾平,510,193,23.6836086,117.003329
宮崎県宮崎市今泉岡,369,168,23.6836086,117.003329
宮崎県宮崎市今泉松ノ木田,438,185,,
宮崎県宮崎市今泉松叶,346,121,,
宮崎県宮崎市今泉永山,419,172,,
宮崎県宮崎市今泉沓掛,1655,631,,
宮崎県宮崎市今泉石坂,17,12,34.8179639,135.5758876
宮崎県宮崎市今泉谷ノ口,214,78,,
宮崎県宮崎市元宮町,410,284,31.913604,131.417247
宮崎県宮崎市内山中村（中央）,181,77,,
宮崎県宮崎市内山五区（中央）,430,186,,
宮崎県宮崎市内山南城寺（大字内山）,103,51,,
宮崎県宮崎市内山去川（去川）,102,55,,
宮崎県宮崎市内山和石（去川）,56,29,,
宮崎県宮崎市内山新田（大字内山）,156,71,,
宮崎県宮崎市内山東区（中央）,240,88,,
宮崎県宮崎市内山板ケ八重（大字内山）,31,11,,
宮崎県宮崎市内山町（中央）,15,7,,
宮崎県宮崎市内山西区（中央）,55,34,,
宮崎県宮崎市内山飯田（中央）,248,23,,
宮崎県宮崎市出来島町,1183,569,31.9017661,131.4371681
宮崎県宮崎市別府町,115,78,31.9112359,131.4284252
宮崎県宮崎市前原町,53,26,31.904494,131.4363447
宮崎県宮崎市加納一丁目,410,247,31.87221,131.396002
宮崎県宮崎市加納三丁目,290,124,31.8739551,131.4014145
宮崎県宮崎市加納二丁目,357,206,31.872776,131.398821
宮崎県宮崎市加納五丁目,202,166,31.8764854,131.4064005
宮崎県宮崎市加納四丁目,124,78,31.875338,131.403659
宮崎県宮崎市北川内町,596,232,31.8994857,131.3896296
宮崎県宮崎市北権現町,651,308,31.9311722,131.4322811
宮崎県宮崎市北高松町,219,171,31.9170915,131.4168401
宮崎県宮崎市千草町,522,408,31.916408,131.419059
宮崎県宮崎市南原一丁目,200,63,31.8352834,131.2982672
宮崎県宮崎市南原三丁目,190,79,31.8314095,131.2977093
宮崎県宮崎市南原二丁目,480,179,31.8363362,131.294834
宮崎県宮崎市南方町,524,206,31.9623272,131.4244169
宮崎県宮崎市南町三丁目,24,14,31.8935664,131.4155731
宮崎県宮崎市南花ケ島町,1050,514,31.9417119,131.4297815
宮崎県宮崎市南高松町,281,197,31.914422,131.415426
宮崎県宮崎市原町,384,226,31.9238245,131.4221279
宮崎県宮崎市古城町,1009,354,31.890483,131.379279
宮崎県宮崎市吉村町中,3341,1409,,
宮崎県宮崎市吉村町北,3457,1468,,
宮崎県宮崎市吉村町南,2504,1230,,
宮崎県宮崎市吉村町東,4450,2051,,
宮崎県宮崎市吉村町西,2919,1343,31.9195677,131.4442304
宮崎県宮崎市吾妻町,1428,836,31.903836,131.432544
宮崎県宮崎市和知川原一丁目,946,440,31.923632,131.414804
宮崎県宮崎市和知川原三丁目,627,295,31.924388,131.407924
宮崎県宮崎市和知川原二丁目,581,297,31.923948,131.4122957
宮崎県宮崎市城ヶ崎一丁目,401,191,31.899004,131.427199
宮崎県宮崎市城ヶ崎三丁目,727,398,31.897311,131.431482
宮崎県宮崎市城ヶ崎二丁目,920,425,31.898291,131.4290847
宮崎県宮崎市城ヶ崎四丁目,751,376,31.8954661,131.4343625
宮崎県宮崎市堀川町,1309,856,31.9099097,131.4336678
宮崎県宮崎市大和町,331,193,31.91784,131.437144
宮崎県宮崎市大坪東一丁目,559,236,31.9030843,131.4091094
宮崎県宮崎市大坪東三丁目,739,321,31.8974346,131.4084636
宮崎県宮崎市大坪東二丁目,558,225,31.8994578,131.4081566
宮崎県宮崎市大坪町,376,206,31.905691,131.406577
宮崎県宮崎市大坪西一丁目,591,269,31.8978994,131.4051967
宮崎県宮崎市大坪西二丁目,642,283,31.8972806,131.4032222
宮崎県宮崎市大塚台東一丁目,784,360,31.91961,131.387097
宮崎県宮崎市大塚台東二丁目,358,156,31.912422,131.384488
宮崎県宮崎市大塚台西一丁目,1616,789,31.921608,131.38606
宮崎県宮崎市大塚台西三丁目,2073,1020,31.909623,131.382862
宮崎県宮崎市大塚台西二丁目,1285,605,31.9162037,131.3824686
宮崎県宮崎市大塚町上,3308,1404,31.9092987,131.4266458
宮崎県宮崎市大塚町下,4550,1954,40.3470923,116.6465913
宮崎県宮崎市大塚町中,4137,1869,36.3219577,139.2018597
宮崎県宮崎市大塚町北,1674,803,31.9121257,131.4189237
宮崎県宮崎市大塚町南,3590,1648,31.9089169,131.3930044
宮崎県宮崎市大字上北方,336,134,31.9572808,131.4063923
宮崎県宮崎市大字内海,826,435,31.7508661,131.4616491
宮崎県宮崎市大字加江田,1171,449,31.8132102,131.4277999
宮崎県宮崎市大字加納かのう台,579,239,,
宮崎県宮崎市大字加納ニュータウン飛鳥,616,249,,
宮崎県宮崎市大字加納ニュー池田台,646,260,,
宮崎県宮崎市大字加納上中野,224,140,,
宮崎県宮崎市大字加納上加納,552,230,,
宮崎県宮崎市大字加納下中野,221,88,,
宮崎県宮崎市大字加納下加納,2327,1102,,
宮崎県宮崎市大字加納加納ケ丘,1996,924,,
宮崎県宮崎市大字加納南加納,959,470,,
宮崎県宮崎市大字加納池田台二区,678,263,,
宮崎県宮崎市大字吉野,164,75,31.973456,131.335205
宮崎県宮崎市大字堤内,86,36,31.9727319,131.3474075
宮崎県宮崎市大字塩路,1130,452,31.9752454,131.4662862
宮崎県宮崎市大字大瀬町,1618,610,31.9773118,131.3821492
宮崎県宮崎市大字富吉,1223,485,31.9412418,131.3504455
宮崎県宮崎市大字小松,4954,2138,31.9372724,131.4024732
宮崎県宮崎市大字島之内,11004,4357,31.9875008,131.4547509
宮崎県宮崎市大字広原,1232,404,32.0021738,131.4315437
宮崎県宮崎市大字恒久北,2715,1147,,
宮崎県宮崎市大字恒久南,3660,1759,,
宮崎県宮崎市大字恒久東,2164,1152,,
宮崎県宮崎市大字折生迫,218,96,31.786119,131.462285
宮崎県宮崎市大字新名爪,3246,1237,31.9754855,131.4377053
宮崎県宮崎市大字有田,535,204,31.9531476,131.3759261
宮崎県宮崎市大字本郷北方,5803,2412,31.8712016,131.4277612
宮崎県宮崎市大字本郷南方,5862,2431,31.860457,131.436094
宮崎県宮崎市大字柏原,492,187,31.937854,131.370783
宮崎県宮崎市大字浮田,2191,745,31.9278177,131.3714639
宮崎県宮崎市大字熊野,4094,2090,31.8298241,131.4371155
宮崎県宮崎市大字瓜生野,2108,874,31.984175,131.394637
宮崎県宮崎市大字生目,560,204,31.9174166,131.3725915
宮崎県宮崎市大字田吉,2791,1291,31.864439,131.449119
宮崎県宮崎市大字糸原,2090,670,31.9586024,131.3651774
宮崎県宮崎市大字細江,1129,459,31.895298,131.342285
宮崎県宮崎市大字芳士,5413,2297,31.9645454,131.4433238
宮崎県宮崎市大字赤江,4299,1980,31.8789772,131.4487785
宮崎県宮崎市大字跡江,1925,689,31.9446639,131.3907832
宮崎県宮崎市大字郡司分,2511,975,31.8550541,131.41632
宮崎県宮崎市大字金崎,422,173,31.9727655,131.3583879
宮崎県宮崎市大字鏡洲,760,314,31.8161588,131.3809444
宮崎県宮崎市大字長嶺,230,107,31.923403,131.356183
宮崎県宮崎市大島町,5895,2560,31.9404728,131.4413416
宮崎県宮崎市大工一丁目,663,473,31.91745,131.413968
宮崎県宮崎市大工三丁目,1626,1053,31.91771,131.406017
宮崎県宮崎市大工二丁目,1308,778,31.9175146,131.4102092
宮崎県宮崎市大橋一丁目,1027,580,31.920177,131.4147
宮崎県宮崎市大橋三丁目,1947,1058,31.921646,131.407025
宮崎県宮崎市大橋二丁目,637,336,31.9207007,131.4116423
宮崎県宮崎市大淀一丁目,451,250,31.901768,131.424658
宮崎県宮崎市大淀三丁目,230,159,31.89705,131.422123
宮崎県宮崎市大淀二丁目,388,211,31.899803,131.423544
宮崎県宮崎市大淀四丁目,251,172,31.8956329,131.4201148
宮崎県宮崎市大王町,479,227,31.9070841,131.4396974
宮崎県宮崎市天満一丁目,254,156,31.900873,131.414532
宮崎県宮崎市天満三丁目,476,226,31.8961135,131.4148622
宮崎県宮崎市天満二丁目,212,113,31.8980428,131.4143483
宮崎県宮崎市天満町,309,187,31.900934,131.411172
宮崎県宮崎市太田一丁目,512,242,31.90301,131.42224
宮崎県宮崎市太田三丁目,303,153,31.8997272,131.4213406
宮崎県宮崎市太田二丁目,311,179,31.901661,131.42157
宮崎県宮崎市太田四丁目,320,187,31.8975938,131.4207072
宮崎県宮崎市学園木花台北一丁目,296,113,31.833428,131.430288
宮崎県宮崎市学園木花台北三丁目,1187,546,31.832873,131.422729
宮崎県宮崎市学園木花台北二丁目,575,231,31.833322,131.426468
宮崎県宮崎市学園木花台南一丁目,318,134,31.828709,131.427042
宮崎県宮崎市学園木花台南三丁目,867,381,31.829901,131.423624
宮崎県宮崎市学園木花台南二丁目,549,227,31.826445,131.4244042
宮崎県宮崎市学園木花台桜一丁目,1664,1306,31.827549,131.419917
宮崎県宮崎市学園木花台桜二丁目,1478,1026,31.82527,131.414293
宮崎県宮崎市学園木花台西一丁目,608,319,31.8294425,131.4132168
宮崎県宮崎市学園木花台西二丁目,55,54,31.832721,131.414334
宮崎県宮崎市宮の元町,131,65,31.888492,131.42801
宮崎県宮崎市宮崎駅東一丁目,256,170,31.9137121,131.4341153
宮崎県宮崎市宮崎駅東三丁目,975,478,31.919049,131.433724
宮崎県宮崎市宮崎駅東二丁目,184,113,31.9167207,131.4339245
宮崎県宮崎市宮田町,332,194,31.911694,131.426048
宮崎県宮崎市宮脇町,441,233,31.9144557,131.4369642
宮崎県宮崎市小山田上倉（穆佐）,23,4,,
宮崎県宮崎市小山田小山田（穆佐）,355,156,,
宮崎県宮崎市小山田麓（穆佐）,313,115,,
宮崎県宮崎市小戸町,809,389,31.9028751,131.4533821
宮崎県宮崎市小松台北町,915,391,31.935218,131.393914
宮崎県宮崎市小松台南町,472,176,31.926817,131.391972
宮崎県宮崎市小松台東一丁目,618,252,31.9310252,131.3968458
宮崎県宮崎市小松台東三丁目,484,203,31.9281923,131.3924405
宮崎県宮崎市小松台東二丁目,606,247,31.9294538,131.3949028
宮崎県宮崎市小松台西一丁目,210,79,31.932766,131.394905
宮崎県宮崎市小松台西三丁目,514,216,31.9287436,131.3903748
宮崎県宮崎市小松台西二丁目,324,127,31.9317243,131.3933182
宮崎県宮崎市山崎町,987,369,31.9533093,131.4632606
宮崎県宮崎市岡一丁目,795,393,31.9005046,131.4551604
宮崎県宮崎市岡三丁目,268,157,31.9105097,131.4571345
宮崎県宮崎市岡二丁目,335,169,31.9064249,131.4566892
宮崎県宮崎市川原町,659,380,31.9061529,131.4247077
宮崎県宮崎市希望ケ丘一丁目,656,280,31.8600726,131.4286083
宮崎県宮崎市希望ケ丘三丁目,1081,463,31.859671,131.424284
宮崎県宮崎市希望ケ丘二丁目,547,226,31.85776,131.4254241
宮崎県宮崎市希望ケ丘四丁目,825,356,31.858636,131.4208709
宮崎県宮崎市平和が丘北町,651,270,31.959569,131.413476
宮崎県宮崎市平和が丘東町,547,238,31.9553718,131.4149357
宮崎県宮崎市平和が丘西町,1164,489,31.9559059,131.4125011
宮崎県宮崎市広島一丁目,764,452,31.914728,131.426363
宮崎県宮崎市広島二丁目,583,408,31.9144653,131.4291061
宮崎県宮崎市恒久一丁目,657,348,31.89619,131.425159
宮崎県宮崎市恒久三丁目,872,457,31.894009,131.429985
宮崎県宮崎市恒久二丁目,746,344,31.895157,131.4273795
宮崎県宮崎市恒久五丁目,1020,427,31.891851,131.436102
宮崎県宮崎市恒久六丁目,806,415,31.891073,131.439565
宮崎県宮崎市恒久南一丁目,720,407,31.8923755,131.4228121
宮崎県宮崎市恒久南三丁目,822,420,31.890744,131.428321
宮崎県宮崎市恒久南二丁目,1148,523,31.8911593,131.4248901
宮崎県宮崎市恒久南四丁目,307,142,31.8907484,131.432173
宮崎県宮崎市恒久四丁目,789,352,31.893452,131.433254
宮崎県宮崎市新別府町,3054,1297,31.9264691,131.4547312
宮崎県宮崎市新城町,1228,488,31.9263462,131.4400488
宮崎県宮崎市新栄町,400,209,31.9090502,131.4544871
宮崎県宮崎市新町一丁目,163,83,31.8564459,131.3954506
宮崎県宮崎市新町二丁目,410,220,31.854571,131.395724
宮崎県宮崎市日ノ出町,612,329,31.9057619,131.4511641
宮崎県宮崎市旭一丁目,377,227,31.9091359,131.4259323
宮崎県宮崎市旭二丁目,288,170,31.909361,131.428351
宮崎県宮崎市昭和町,958,530,31.9103924,131.4365458
宮崎県宮崎市昭栄町,541,332,31.9128139,131.45486
宮崎県宮崎市曽師町,1190,586,31.9109719,131.4408159
宮崎県宮崎市月見ケ丘一丁目,766,321,31.882484,131.423395
宮崎県宮崎市月見ケ丘七丁目,433,195,31.8780156,131.4146404
宮崎県宮崎市月見ケ丘三丁目,506,231,31.875341,131.418765
宮崎県宮崎市月見ケ丘二丁目,1389,645,31.878202,131.421968
宮崎県宮崎市月見ケ丘五丁目,1166,567,31.8828032,131.4181625
宮崎県宮崎市月見ケ丘六丁目,912,431,31.8801829,131.4135387
宮崎県宮崎市月見ケ丘四丁目,912,405,31.8782513,131.4180509
宮崎県宮崎市木原上木原,687,270,31.9092987,131.4266458
宮崎県宮崎市木原下木原,390,147,31.9972217,131.4593408
宮崎県宮崎市木原中木原,301,169,31.9092987,131.4266458
宮崎県宮崎市木原新町,1236,823,38.9032635,141.5542203
宮崎県宮崎市木原永田,291,171,31.9092987,131.4266458
宮崎県宮崎市木原黒坂,331,120,,
宮崎県宮崎市末広一丁目,620,437,31.911823,131.418278
宮崎県宮崎市末広二丁目,416,307,31.913958,131.414277
宮崎県宮崎市本郷一丁目,506,223,31.8662171,131.4288647
宮崎県宮崎市本郷三丁目,425,181,31.863574,131.427975
宮崎県宮崎市本郷二丁目,332,152,31.8639134,131.4297685
宮崎県宮崎市村角町,3008,1165,31.952936,131.4519417
宮崎県宮崎市東上那珂,2751,1032,32.024426,131.435168
宮崎県宮崎市東大宮一丁目,566,242,31.945605,131.435716
宮崎県宮崎市東大宮三丁目,446,184,31.9478037,131.4403987
宮崎県宮崎市東大宮二丁目,965,419,31.948024,131.436647
宮崎県宮崎市東大宮四丁目,892,354,31.944738,131.438643
宮崎県宮崎市東大淀一丁目,486,259,31.9004023,131.4262793
宮崎県宮崎市東大淀二丁目,274,137,31.895206,131.422057
宮崎県宮崎市東宮一丁目,1336,446,31.850028,131.429725
宮崎県宮崎市東宮二丁目,1264,389,31.8512267,131.4251251
宮崎県宮崎市松小路,50,22,,
宮崎県宮崎市松山一丁目,715,516,31.9059753,131.4268062
宮崎県宮崎市松山二丁目,147,101,31.904835,131.428624
宮崎県宮崎市松橋一丁目,578,390,31.9099519,131.4180335
宮崎県宮崎市松橋二丁目,712,418,31.912742,131.413889
宮崎県宮崎市柳丸町,2451,1182,31.9262688,131.4343733
宮崎県宮崎市桜ケ丘町,1132,441,31.9290302,131.3980739
宮崎県宮崎市桜町,1229,432,31.950311,131.437892
宮崎県宮崎市権現町,994,522,31.9302343,131.4348024
宮崎県宮崎市橘通東一丁目,630,424,31.907505,131.422613
宮崎県宮崎市橘通東三丁目,216,147,31.9148358,131.4239382
宮崎県宮崎市橘通東二丁目,185,155,31.911601,131.423424
宮崎県宮崎市橘通東五丁目,969,660,31.922086,131.4254322
宮崎県宮崎市橘通東四丁目,422,239,31.9182215,131.4245726
宮崎県宮崎市橘通西一丁目,283,173,31.9080978,131.4205882
宮崎県宮崎市橘通西三丁目,3,2,31.9149575,131.4223071
宮崎県宮崎市橘通西二丁目,228,181,31.911594,131.421722
宮崎県宮崎市橘通西五丁目,572,357,31.9222258,131.4239406
宮崎県宮崎市橘通西四丁目,31,22,31.918507,131.422954
宮崎県宮崎市正手一丁目,661,334,31.8576232,131.3871011
宮崎県宮崎市正手三丁目,533,259,31.8613089,131.3845005
宮崎県宮崎市正手二丁目,661,364,31.861101,131.387848
宮崎県宮崎市永楽町,1218,662,31.9060925,131.4337027
宮崎県宮崎市江南一丁目,815,345,31.9067821,131.4017226
宮崎県宮崎市江南三丁目,428,183,31.9093977,131.398293
宮崎県宮崎市江南二丁目,971,400,31.906082,131.399204
宮崎県宮崎市江南四丁目,657,271,31.9057451,131.3968261
宮崎県宮崎市江平中町,706,408,31.923474,131.427235
宮崎県宮崎市江平東一丁目,1105,634,31.9270089,131.427261
宮崎県宮崎市江平東二丁目,391,221,31.930055,131.428452
宮崎県宮崎市江平東町,925,486,31.925392,131.429084
宮崎県宮崎市江平町一丁目,21,17,31.9240973,131.4259142
宮崎県宮崎市江平西一丁目,577,324,31.926083,131.4248976
宮崎県宮崎市江平西二丁目,346,190,31.9296239,131.4263423
宮崎県宮崎市池内町,1694,610,31.9692292,131.4147088
宮崎県宮崎市池田台北クリーン池田台,1282,426,,
宮崎県宮崎市池田台第三池田台,1495,575,,
宮崎県宮崎市波島一丁目,1160,509,31.9390662,131.4468402
宮崎県宮崎市波島二丁目,1119,502,31.9379623,131.4492166
宮崎県宮崎市浦之名久木野（大字浦之名）,83,29,,
宮崎県宮崎市浦之名去川（去川）,33,25,,
宮崎県宮崎市浦之名小田元（大字浦之名）,144,49,,
宮崎県宮崎市浦之名川原田（中央）,193,92,,
宮崎県宮崎市浦之名川口，梁瀬（大字浦之名）,108,51,,
宮崎県宮崎市浦之名深水（大字浦之名）,122,58,,
宮崎県宮崎市浦之名片前（去川）,44,22,,
宮崎県宮崎市浦之名田之平（大字浦之名）,140,68,,
宮崎県宮崎市浦之名西区（中央）,34,14,,
宮崎県宮崎市浦之名赤谷（中央）,327,134,,
宮崎県宮崎市浮城町,238,101,31.930018,131.4379191
宮崎県宮崎市淀川一丁目,389,184,31.9046539,131.4180359
宮崎県宮崎市淀川三丁目,313,145,31.899405,131.415911
宮崎県宮崎市淀川二丁目,240,142,31.9019172,131.4163043
宮崎県宮崎市清水一丁目,770,534,31.91948,131.421757
宮崎県宮崎市清水三丁目,687,433,31.9196308,131.4173603
宮崎県宮崎市清水二丁目,708,389,31.9193737,131.4200787
宮崎県宮崎市源藤町,2687,1307,31.8852284,131.4126824
宮崎県宮崎市潮見町,1577,848,31.9043961,131.4392307
宮崎県宮崎市瀬頭一丁目,479,242,31.9069947,131.4294674
宮崎県宮崎市瀬頭二丁目,542,347,31.909456,131.430404
宮崎県宮崎市瀬頭町,28,16,31.906778,131.4306883
宮崎県宮崎市生目台東一丁目,540,233,31.9035122,131.3837066
宮崎県宮崎市生目台東三丁目,1092,472,31.901137,131.3761594
宮崎県宮崎市生目台東二丁目,581,251,31.901781,131.380137
宮崎県宮崎市生目台東五丁目,346,136,31.907101,131.381244
宮崎県宮崎市生目台東四丁目,1364,560,31.9056469,131.3774256
宮崎県宮崎市生目台西一丁目,361,155,31.9097788,131.374264
宮崎県宮崎市生目台西三丁目,408,135,31.9075408,131.3702638
宮崎県宮崎市生目台西二丁目,1109,460,31.906058,131.372558
宮崎県宮崎市生目台西五丁目,461,192,31.901334,131.37007
宮崎県宮崎市生目台西四丁目,557,232,31.9031581,131.3714063
宮崎県宮崎市田代町,1663,890,31.9033054,131.4488089
宮崎県宮崎市甲上井倉（東分団）,391,167,,
宮崎県宮崎市甲上桜町（中央分団）,61,27,,
宮崎県宮崎市甲下井倉（東分団）,468,195,,
宮崎県宮崎市甲下桜町（中央分団）,156,66,,
宮崎県宮崎市甲中尾（東分団）,223,91,,
宮崎県宮崎市甲中桜町（中央分団）,90,44,,
宮崎県宮崎市甲中渡瀬（南分団）,169,68,,
宮崎県宮崎市甲二ツ山（東分団）,412,182,,
宮崎県宮崎市甲今村（東分団）,444,217,,
宮崎県宮崎市甲仏堂園（南分団）,103,47,,
宮崎県宮崎市甲倉谷（南分団）,15,7,,
宮崎県宮崎市甲元野（南分団）,87,37,,
宮崎県宮崎市甲前平天神（東分団）,194,102,,
宮崎県宮崎市甲北寺町（南分団）,64,45,,
宮崎県宮崎市甲南寺町（南分団）,208,88,,
宮崎県宮崎市甲尾脇（南分団）,118,49,,
宮崎県宮崎市甲持田（南分団）,6,3,,
宮崎県宮崎市甲新村（南分団）,195,78,,
宮崎県宮崎市甲明神原（中央分団）,28,10,,
宮崎県宮崎市甲朝日町（中央分団）,379,167,,
宮崎県宮崎市甲木材町（北分団）,195,101,,
宮崎県宮崎市甲東桜町（北分団）,131,65,,
宮崎県宮崎市甲桂谷（南分団）,8,5,,
宮崎県宮崎市甲梅谷（東分団）,277,109,,
宮崎県宮崎市甲楠原（南分団）,33,17,,
宮崎県宮崎市甲石久保（東分団）,211,59,,
宮崎県宮崎市甲築地原（南分団）,305,123,,
宮崎県宮崎市甲船ケ山（東分団）,101,42,,
宮崎県宮崎市甲西桜町（北分団）,25,13,,
宮崎県宮崎市甲黒草（南分団）,94,39,,
宮崎県宮崎市矢の先町,527,238,31.9404884,131.4184528
宮崎県宮崎市石崎一丁目,204,73,32.005692,131.474133
宮崎県宮崎市石崎三丁目,234,106,32.0068631,131.4767405
宮崎県宮崎市石崎二丁目,354,134,32.00754,131.475287
宮崎県宮崎市祇園一丁目,548,231,31.9272262,131.4086568
宮崎県宮崎市祇園三丁目,820,473,31.9354811,131.4102815
宮崎県宮崎市祇園二丁目,613,299,31.930668,131.409465
宮崎県宮崎市祇園四丁目,695,401,31.939669,131.409593
宮崎県宮崎市神宮一丁目,926,439,31.932664,131.423587
宮崎県宮崎市神宮二丁目,358,197,31.9362461,131.423292
宮崎県宮崎市神宮東一丁目,1025,532,31.933457,131.427014
宮崎県宮崎市神宮東三丁目,956,507,31.9384125,131.428643
宮崎県宮崎市神宮東二丁目,988,516,31.935818,131.427416
宮崎県宮崎市神宮町,79,29,31.9404505,131.4269224
宮崎県宮崎市神宮西一丁目,1050,514,31.9369281,131.41878
宮崎県宮崎市神宮西二丁目,884,479,31.939133,131.418702
宮崎県宮崎市福島町,640,239,31.9095119,131.4021699
宮崎県宮崎市福島町一丁目,16,6,31.906355,131.409458
宮崎県宮崎市福島町三丁目,264,145,31.908539,131.406518
宮崎県宮崎市福島町二丁目,68,36,31.9066545,131.4084273
宮崎県宮崎市稗原町,616,313,31.9082055,131.4511746
宮崎県宮崎市紙屋瀬越（大字浦之名）,65,35,,
宮崎県宮崎市老松一丁目,741,395,31.9118477,131.430801
宮崎県宮崎市老松二丁目,727,370,31.9135979,131.431189
宮崎県宮崎市船塚一丁目,421,237,31.926349,131.418612
宮崎県宮崎市船塚三丁目,744,323,31.933422,131.4187428
宮崎県宮崎市船塚二丁目,777,385,31.9292729,131.418795
宮崎県宮崎市船引庵屋,259,97,,
宮崎県宮崎市船引正手,610,275,,
宮崎県宮崎市船引船引,424,173,34.0951061,133.6500306
宮崎県宮崎市船引西新町,967,588,,
宮崎県宮崎市船引黒北,428,166,,
宮崎県宮崎市花ケ島町,4623,2166,31.948854,131.432017
宮崎県宮崎市花山手東一丁目,786,325,31.904282,131.406882
宮崎県宮崎市花山手東三丁目,719,298,31.900014,131.401701
宮崎県宮崎市花山手東二丁目,875,342,31.9041838,131.4036476
宮崎県宮崎市花山手西一丁目,768,304,31.9038657,131.4001947
宮崎県宮崎市花山手西二丁目,1002,374,31.9002966,131.396194
宮崎県宮崎市花殿町,409,218,31.9243235,131.4190655
宮崎県宮崎市花見中山（東高岡）,401,164,,
宮崎県宮崎市花見城ケ峯（東高岡）,137,56,,
宮崎県宮崎市花見宮水流（穆佐）,36,4,,
宮崎県宮崎市花見小山田（穆佐）,40,14,,
宮崎県宮崎市花見粟野（東高岡）,69,28,,
宮崎県宮崎市花見花見（東高岡）,450,180,,
宮崎県宮崎市薫る坂一丁目,461,147,31.8935419,131.3993456
宮崎県宮崎市薫る坂二丁目,599,226,31.8901414,131.4010683
宮崎県宮崎市西上那珂,1133,433,32.028495,131.399456
宮崎県宮崎市西新町,281,138,37.0026899,119.4303222
宮崎県宮崎市西池町,655,331,31.921443,131.419227
宮崎県宮崎市西高松町,245,149,31.9162541,131.4134404
宮崎県宮崎市谷川一丁目,284,141,31.903966,131.415118
宮崎県宮崎市谷川三丁目,148,63,31.904217,131.41129
宮崎県宮崎市谷川二丁目,471,276,31.9050617,131.4126625
宮崎県宮崎市谷川町三丁目,6,3,31.9055322,131.4096007
宮崎県宮崎市錦本町,333,197,31.921673,131.429731
宮崎県宮崎市錦町,516,304,31.9165805,131.4313835
宮崎県宮崎市阿波岐原町,3768,1452,31.9375321,131.457628
宮崎県宮崎市霧島一丁目,511,242,31.9267484,131.4137195
宮崎県宮崎市霧島三丁目,581,328,31.932212,131.414228
宮崎県宮崎市霧島二丁目,1062,471,31.929402,131.414031
宮崎県宮崎市霧島五丁目,276,169,31.937552,131.414524
宮崎県宮崎市霧島四丁目,690,383,31.934636,131.414399
宮崎県宮崎市青島一丁目,336,158,31.803978,131.464137
宮崎県宮崎市青島三丁目,410,196,31.796047,131.470438
宮崎県宮崎市青島二丁目,346,174,31.8011451,131.4680352
宮崎県宮崎市青島五丁目,202,92,31.7915452,131.4689327
宮崎県宮崎市青島六丁目,238,106,31.7922878,131.4723556
宮崎県宮崎市青島四丁目,345,146,31.7960821,131.468544
宮崎県宮崎市青島西一丁目,305,117,31.803409,131.459862
宮崎県宮崎市青島西二丁目,329,153,31.8003339,131.4653782
宮崎県宮崎市青葉町,627,391,31.920869,131.436667
宮崎県宮崎市飯田丸山（中央）,179,89,,
宮崎県宮崎市飯田井上（中央）,572,209,,
宮崎県宮崎市飯田東区（中央）,40,24,,
宮崎県宮崎市飯田板ケ八重（大字内山）,44,24,,
宮崎県宮崎市飯田町（中央）,6,5,,
宮崎県宮崎市飯田飯田（中央）,998,355,35.5187619,137.8249136
宮崎県宮崎市高千穂通一丁目,394,257,31.917886,131.4269217
宮崎県宮崎市高千穂通二丁目,717,421,31.917581,131.429077
宮崎県宮崎市高松町,468,184,31.914249,131.419182
宮崎県宮崎市高洲町,1944,924,31.8993706,131.4463091
宮崎県宮崎市高浜栗野（東高岡）,159,76,,
宮崎県宮崎市高浜楠見（中央）,53,25,,
宮崎県宮崎市高浜粟野（東高岡）,178,74,,
宮崎県宮崎市高浜花見（東高岡）,2,1,,
宮崎県宮崎市高浜高浜（中央）,480,185,35.4848715,135.5439944
宮崎県宮崎市鶴島一丁目,452,299,31.90851,131.415571
宮崎県宮崎市鶴島三丁目,1690,926,31.9123994,131.4081015
宮崎県宮崎市鶴島二丁目,605,328,31.9103586,131.4115282
