ì˙ït,ójì˙_x,ë‰îÑè„çáåv,ë‰îÑè„,ë‰ëeóòçáåv,ë‰ëeóò,ë≈çû,ëçë≈çû,óòâvó¶,óLå¯S,ì¸è‹S1,BA,MY,èoã ó¶,ãqëÿó¶,ã íPâø,ã óò,äÑêî,èüó¶,åiïiäzïΩãœ,ë‰êî,å≥ÉtÉ@ÉCÉã,ójì˙_y,ïΩãœãCâ∑,ç≈çÇãCâ∑,ç≈í·ãCâ∑,ì˙è∆éûä‘(éûä‘),ïΩãœåªínãCà≥(hPa),ç≈ëÂïóë¨(m/s),ç≈ëÂïóë¨(m/s).2,ïΩãœïóë¨(m/s),ç~êÖó 
2024/1/1,åé,21847300,21782,-1489759,-1485,15495,15541922,-0.0682,6.02,6.3,89.85,6919,1.0233,1.8949,1.406,-0.096,10.83,0.4307,23589,1003,2024,åé,8.7,14.8,3.4,9.4,1021.8,5.1,ìå,2.7,0
2024/1/2,âŒ,24701500,24628,-5698172,-5681,18246,18300957,-0.2307,6.11,6.49,89.39,8189,1.0681,1.918,1.35,-0.311,12.5,0.4736,30776,1003,2024,âŒ,9.8,18,4,9.5,1019.4,5.7,ìå,3,0
2024/1/3,êÖ,26240700,26162,-2413340,-2406,18938,18995229,-0.092,6.09,6.41,89.41,8159,1.0309,1.9349,1.381,-0.127,11.14,0.4845,29132,1003,2024,êÖ,9.9,14.7,6.3,0.7,1014,6.9,êºìÏêº,3.6,0
2024/1/4,ñÿ,25491400,25415,-1988667,-1983,18381,18436488,-0.078,6.11,6.42,89.43,7950,1.0385,1.8794,1.383,-0.108,11.34,0.4437,28815,1003,2024,ñÿ,7.8,14,3.7,9.6,1019.5,4.9,êºñkêº,2.4,0
2024/1/5,ã‡,23971400,23900,-738665,-736,16901,16951978,-0.0308,6.12,6.41,89.36,7192,1.0301,1.938,1.414,-0.044,11.09,0.4297,26511,1003,2024,ã‡,8.6,17,1.7,9.5,1020.9,6.1,êº,3.2,0
2024/1/6,ìy,23553200,23483,-2779979,-2772,17396,17448129,-0.118,6.02,6.31,89.55,8065,1.07,1.9431,1.35,-0.159,12.53,0.4177,29432,1003,2024,ìy,11.8,19.1,5.8,5.3,1016.4,5,êºñkêº,3,0
2024/1/7,ì˙,25222600,25147,-349884,-349,18531,18586238,-0.0139,5.89,6.18,89.37,7956,1.0174,1.9255,1.357,-0.019,10.62,0.4417,26718,1003,2024,ì˙,8.7,13.7,4.7,9.6,1018.5,9.6,êºñkêº,5.4,0
2024/1/8,åé,19678100,19619,-1745631,-1740,14592,14635816,-0.0887,5.85,6.15,89.5,6685,1.0197,1.8372,1.345,-0.119,10.68,0.3938,20947,1003,2024,åé,5.5,10.5,-0.1,9.2,1022.5,4.4,êº,2.6,0
2024/1/9,âŒ,28863900,28778,-2067278,-2061,21460,21524496,-0.0716,5.93,6.21,89.44,8667,1.0097,1.874,1.341,-0.096,10.34,0.4716,29749,1003,2024,âŒ,7.5,15.1,1.6,4.5,1018.9,4.5,êºñkêº,2.6,0
2024/1/11,ñÿ,21572400,21508,1479552,1475,14511,14554725,0.0686,5.87,6.17,89.12,6448,1.008,1.7857,1.482,0.102,10.26,0.3689,22070,1003,2024,ñÿ,9.3,15.5,2.9,9.8,1013.9,6.5,êº,3.5,0
2024/1/12,ã‡,14069400,14027,65563,65,9770,9799649,0.0047,5.8,6.07,89.64,4667,1.0045,1.7471,1.436,0.007,10.14,0.35,14230,1003,2024,ã‡,11,17.3,4.8,9.4,1015.4,9,êº,4.3,0
2024/1/13,ìy,18707700,18652,377779,377,13818,13859628,0.0202,5.78,6.06,89.67,6077,1.0052,1.8527,1.35,0.027,10.18,0.3739,18983,1003,2024,ìy,10.4,18,4.8,9.6,1018.1,7.4,êºñkêº,2.8,0
2024/1/14,ì˙,20758300,20696,2387646,2381,14759,14802893,0.115,5.84,6.13,89,6452,0.9911,1.8497,1.402,0.161,9.69,0.3719,20064,1003,2024,ì˙,9.7,18.5,0.9,9.7,1021.5,6.6,êºìÏêº,3.4,0
2024/1/15,åé,31165300,31072,-4603708,-4590,21303,21367205,-0.1477,6.03,6.33,89.88,8484,1.0254,1.9306,1.459,-0.215,10.95,0.4676,34016,1003,2024,åé,12.4,18.1,5.6,9.2,1017.1,8.9,êº,4,0
2024/1/16,âŒ,13192400,13153,-1208328,-1205,9092,9119661,-0.0916,5.86,6.15,89.91,4594,1.0569,1.8546,1.447,-0.132,12.01,0.349,15795,1003,2024,âŒ,7.1,14,0.1,9.9,1026.2,4.2,ìåñkìå,2.5,0
2024/1/17,êÖ,12556600,12519,861707,859,8126,8150856,0.0686,5.77,6.04,88.73,4101,0.9826,1.6905,1.541,0.106,9.46,0.3151,11843,1003,2024,êÖ,9.5,18.8,1.7,9.8,1026.6,5.5,êº,2.7,0
2024/1/18,ñÿ,13088500,13049,660843,659,8838,8864722,0.0505,5.74,5.98,89.21,4171,0.9902,1.775,1.476,0.075,9.67,0.333,12615,1003,2024,ñÿ,12.7,18.1,6.6,0.4,1020.6,5.2,ñkêº,2.9,0.5
2024/1/19,ã‡,14457200,14414,832032,830,9734,9763355,0.0576,5.7,5.95,89.21,4547,1.007,1.7962,1.481,0.085,10.24,0.345,14757,1003,2024,ã‡,14,16,12.4,0.2,1019.8,4.7,ñkìå,2.2,1
2024/1/20,ìy,21503800,21439,1370899,1367,15219,15264646,0.0638,5.85,6.15,89.53,6732,0.9949,1.8241,1.409,0.09,9.83,0.3838,21069,1003,2024,ìy,13.9,15.6,12.5,0,1016.6,2.8,êºñkêº,1.2,6
2024/1/21,ì˙,22240600,22174,190818,190,16098,16146678,0.0086,5.83,6.12,89.46,6882,1.0043,1.8629,1.377,0.012,10.15,0.3958,22508,1003,2024,ì˙,15.7,19.2,11.5,4.3,1013.5,5.9,ñkìå,3.2,2
2024/1/22,åé,20523400,20462,269304,268,13800,13841875,0.0131,5.81,6.09,89.18,6002,1.0069,1.7938,1.483,0.019,10.24,0.3918,20951,1003,2024,åé,9.7,16.6,4.8,6.3,1017.5,10.4,êº,5,0
2024/1/24,êÖ,19854300,19795,-758208,-756,13531,13572076,-0.0382,5.75,6.05,89.19,5988,1.0253,1.8175,1.463,-0.056,10.88,0.4038,21535,1003,2024,êÖ,4.2,8.3,1,9.9,1017.7,10.7,êº,6.7,0
2024/1/25,ñÿ,18694900,18639,-740693,-738,12198,12234354,-0.0396,5.81,6.07,89.56,5564,1.0369,1.8142,1.528,-0.061,11.32,0.3848,21101,1003,2024,ñÿ,5.5,11.5,0.2,10.1,1021.3,8.1,êºìÏêº,5,0
2024/1/26,ã‡,15331700,15286,1021561,1019,10191,10221275,0.0666,5.72,5.97,89.26,4583,0.99,1.7567,1.5,0.1,9.67,0.327,14775,1003,2024,ã‡,6.7,14,-0.4,10.1,1022.8,6,êº,3,0
2024/1/27,ìy,20969600,20907,-1193265,-1190,14744,14788280,-0.0569,5.69,5.97,89.48,6415,1.0155,1.8802,1.418,-0.081,10.56,0.4068,22071,1003,2024,ìy,7.9,15.1,0.5,10,1022.4,5.6,êºìÏêº,3.1,0
2024/1/28,ì˙,22392800,22326,-110228,-110,15371,15416658,-0.0049,5.71,5.95,89.33,6566,1.0005,1.8477,1.453,-0.007,10.02,0.3928,22365,1003,2024,ì˙,8.4,13,2.9,5.6,1022.8,10.5,êºñkêº,4.2,0
2024/1/29,åé,19256100,19199,463929,463,12146,12182022,0.0241,5.84,6.09,89.79,5353,1.0317,1.8637,1.581,0.038,11.16,0.3779,21431,1003,2024,åé,7.3,15.4,0.4,10,1027.1,5.3,ñkêº,3,0
2024/1/30,âŒ,14328700,14286,-408967,-408,9408,9436374,-0.0285,5.69,5.92,88.91,4183,0.995,1.815,1.518,-0.043,9.82,0.346,14030,1003,2024,âŒ,9,14.2,3,0.4,1026.5,5.1,êºñkêº,2.5,0.5
2024/1/31,êÖ,15700500,15654,201872,201,9762,9790973,0.0129,5.67,5.92,88.7,4670,1.0031,1.7635,1.604,0.021,10.1,0.337,15815,1003,2024,êÖ,12.3,16.5,9.6,0,1020.2,4.2,ìÏêº,1.5,8
2024/2/1,ñÿ,15994700,15947,963358,960,9979,10009272,0.0602,5.7,5.95,88.74,4323,0.9921,1.8167,1.598,0.096,9.72,0.332,15493,1003,2024,ñÿ,12.7,14.8,9.9,0.2,1017.5,4.4,êºìÏêº,2,19
2024/2/2,ã‡,15092000,15047,1405335,1401,9770,9799236,0.0931,5.66,5.89,88.81,4436,1.0008,1.7765,1.54,0.143,10.03,0.325,15088,1003,2024,ã‡,11.7,13,9.1,0,1020.4,4.3,ìåñkìå,1.4,2.5
2024/2/3,ìy,19728000,19669,-188995,-188,13563,13603518,-0.0096,5.76,6.01,89.02,6302,1.0354,1.8479,1.45,-0.014,11.24,0.3809,22106,1003,2024,ìy,10.1,12.5,8.5,0,1022.2,2.8,ñkñkìå,1.2,9
2024/2/4,ì˙,20797400,20735,-1459471,-1455,14995,15039621,-0.0702,5.84,6.1,89.96,6557,1.0196,1.9066,1.383,-0.097,10.71,0.4088,22201,1003,2024,ì˙,11.3,12.5,9.9,0,1019.8,3.5,ñkñkìå,1.4,5
2024/2/5,åé,22151500,22085,1281518,1278,13500,13540634,0.0579,5.8,6.04,89.38,5841,1.0115,1.893,1.636,0.095,10.43,0.3679,23026,1003,2024,åé,13.6,20,10.6,5.4,1011.6,12.6,êº,4.3,38
2024/2/7,êÖ,32222700,32126,1363431,1359,19683,19741728,0.0423,5.74,6.02,89.5,8388,1.0026,1.7471,1.632,0.069,10.08,0.4078,32399,1003,2024,êÖ,12.1,16,8.5,4.7,1015.9,4.6,êº,2.3,0
2024/2/8,ñÿ,15902600,15855,-22530,-22,10277,10307392,-0.0014,5.81,6.05,89.04,4923,1.0339,1.7417,1.543,-0.002,11.12,0.3639,17636,1003,2024,ñÿ,9.9,14,6.6,4.8,1015.1,4,ìåñkìå,2.3,0
2024/2/9,ã‡,13473200,13433,-173349,-173,8729,8755051,-0.0129,5.68,5.93,89.06,4081,0.9966,1.7618,1.539,-0.02,9.89,0.3151,13282,1003,2024,ã‡,9.6,16.4,4,9.3,1016.9,8.2,êºñkêº,3.9,0
2024/2/10,ìy,21083500,21020,2085739,2080,13927,13968780,0.0989,5.69,5.93,89.22,6130,0.9938,1.7921,1.509,0.149,9.79,0.3669,20579,1003,2024,ìy,9.2,14.7,5.6,10.2,1019.9,9.1,êº,5.6,0
2024/2/11,ì˙,24623000,24549,666326,664,15576,15623063,0.0271,5.67,5.93,89.36,6318,0.983,1.8738,1.576,0.043,9.38,0.3988,23020,1003,2024,ì˙,8.5,14.7,2.3,9.3,1021.5,9.7,êº,4.4,0
2024/2/12,åé,20538600,20477,2515926,2508,12961,12999650,0.1225,5.65,5.89,89.03,5648,0.9985,1.8449,1.58,0.194,9.95,0.3789,20368,1003,2024,åé,9.5,14.6,4.3,10.4,1027.3,6.6,êº,2.8,0
2024/2/13,âŒ,13625100,13584,1328987,1325,8456,8481395,0.0975,5.61,5.84,88.74,3780,0.9845,1.8002,1.606,0.157,9.45,0.326,12833,1003,2024,âŒ,11.6,20.6,3.3,9.8,1028.7,6.2,êº,3.3,0
2024/2/14,êÖ,13464500,13424,683072,681,8439,8464095,0.0507,5.58,5.81,88.59,4016,0.9985,1.7726,1.591,0.081,9.95,0.324,13353,1003,2024,êÖ,13.5,20.9,7.4,4.4,1024.4,4.5,êºñkêº,2.6,0
2024/2/15,ñÿ,23147100,23078,-2849555,-2841,14909,14953639,-0.1231,5.9,6.17,89.58,6272,1.0253,1.858,1.548,-0.191,10.94,0.3968,25258,1003,2024,ñÿ,16.8,23.1,12.6,4.4,1015.2,7.8,êºìÏêº,3.4,2
2024/2/16,ã‡,16057300,16009,867983,865,10607,10639242,0.0541,5.63,5.88,89.29,4873,0.9926,1.7852,1.509,0.082,9.75,0.348,15605,1003,2024,ã‡,12.8,15.7,9.8,2,1016.5,6.9,êºìÏêº,2.6,0
2024/2/17,ìy,21048600,20986,2089391,2083,13947,13988977,0.0993,5.62,5.87,89.44,6034,0.9888,1.8247,1.505,0.149,9.61,0.3709,20166,1003,2024,ìy,11.1,16.1,5.1,9.9,1020.2,4.9,ìåìÏìå,2.4,0
2024/2/18,ì˙,22538700,22471,1762055,1757,15292,15337378,0.0782,5.64,5.89,89.13,6479,0.9781,1.8343,1.47,0.115,9.23,0.3918,20737,1003,2024,ì˙,13.5,18.9,6.3,10.2,1022.6,4.8,ìåìÏìå,2.4,0
2024/2/19,åé,23699400,23629,-859181,-857,16254,16302565,-0.0363,5.82,6.09,89.13,7217,1.0387,1.8082,1.454,-0.053,11.33,0.4018,26766,1003,2024,åé,17.3,20.6,13.9,1,1016,5.6,êºñkêº,2.3,8.5
2024/2/20,âŒ,17887200,17834,-941011,-938,11963,11999064,-0.0526,5.72,5.99,89.04,5315,1.0189,1.905,1.491,-0.078,10.7,0.3908,19089,1003,2024,âŒ,18.1,22,14.8,2.1,1016.6,5.1,êºñkêº,2.4,3
2024/2/21,êÖ,17545900,17493,2080000,2074,11387,11421254,0.1185,5.59,5.84,89.04,4857,0.9721,1.776,1.536,0.182,9.04,0.33,15817,1003,2024,êÖ,20.3,24.1,17.1,0.9,1013.6,11,êºìÏêº,3.7,8
2024/2/22,ñÿ,20692700,20631,3180694,3171,14062,14104027,0.1537,5.61,5.84,88.74,6032,0.9626,1.871,1.467,0.226,8.68,0.3749,17902,1003,2024,ñÿ,17.2,21.3,11.8,0.2,1014.7,7.7,êº,3.3,13.5
2024/2/23,ã‡,19549600,19491,2751640,2743,13342,13381826,0.1408,5.58,5.82,88.64,5899,0.9668,1.8099,1.461,0.206,8.88,0.3559,17309,1003,2024,ã‡,10.4,11.9,9.6,0,1019.1,4.3,ñkñkìå,1.7,7
2024/2/24,ìy,36330400,36222,946182,943,23924,23995708,0.026,5.99,6.26,89.64,10146,1.0154,1.9596,1.514,0.039,10.55,0.4586,38227,1003,2024,ìy,9.2,11.2,6.6,0.1,1021.5,5.9,ñkìå,2.5,2
2024/2/25,ì˙,14359400,14316,1984719,1979,9258,9285519,0.1382,5.73,6,89.18,4041,0.9674,1.7719,1.546,0.214,8.89,0.325,12721,1003,2024,ì˙,11.2,14.8,8.4,0.3,1013.8,4.7,ìåñkìå,2,17
2024/2/26,åé,14133200,14091,1554656,1550,8836,8862345,0.11,5.74,5.99,89.2,4232,0.9994,1.7762,1.595,0.175,9.98,0.3061,14064,1003,2024,åé,10.5,15.8,5.5,6.9,1018.5,6.4,ñkñkìå,3.1,0
2024/2/27,âŒ,12626100,12588,143033,143,8416,8440904,0.0113,5.74,5.98,88.91,4316,1.0257,1.6885,1.496,0.017,10.82,0.329,13620,1003,2024,âŒ,8.9,13.4,5,10.8,1023.1,6.7,ñkìå,3.4,0
2024/2/28,êÖ,17292400,17241,-517300,-516,10770,10802811,-0.0299,5.73,5.98,88.98,4743,1.015,1.8135,1.601,-0.048,10.54,0.3689,18178,1003,2024,êÖ,8.3,13.7,2,7.4,1024.8,4.2,ìåñkìå,2.2,0
2024/2/29,ñÿ,15280100,15234,1104832,1102,9751,9780039,0.0723,5.67,5.92,88.97,4509,0.9824,1.7361,1.562,0.113,9.41,0.334,14334,1003,2024,ñÿ,12.7,16.9,8.6,0,1014.3,7.8,êº,2.9,20
2024/3/1,ã‡,19014300,18957,1263724,1260,12202,12238530,0.0665,5.61,5.85,89.2,5732,1.0259,1.8212,1.554,0.103,10.92,0.3669,20698,1003,2024,ã‡,11.8,16.6,6,10.7,1013,10.3,êº,6.1,0
2024/3/2,ìy,20685400,20624,1853810,1848,13442,13482359,0.0896,5.73,5.98,90.02,5794,0.988,1.8575,1.534,0.137,9.57,0.3549,19733,1003,2024,ìy,7,12.1,3.8,10.2,1017.7,6.7,êº,4.1,0
2024/3/3,ì˙,18079900,18026,1699934,1695,11284,11317490,0.094,5.74,5.98,89.13,5081,1.0175,1.7414,1.598,0.15,10.59,0.3509,19089,1003,2024,ì˙,8.4,15.7,2.8,9.9,1019.5,7.7,êºñkêº,4,0
2024/3/4,åé,20053000,19993,489046,488,12281,12318142,0.0244,5.76,6.01,88.79,5232,0.9926,1.8579,1.628,0.04,9.72,0.342,19443,1003,2024,åé,10.8,16.8,4.1,9.1,1020.3,5.6,êºñkêº,3.3,2
2024/3/6,êÖ,26302000,26223,4435477,4422,15805,15852351,0.1686,5.75,6.05,90.19,6605,0.9925,1.7394,1.659,0.28,9.76,0.3519,25584,1003,2024,êÖ,13,15.3,10.3,0,1004.6,4.2,ìåñkìå,1.8,0.5
2024/3/7,ñÿ,14542100,14499,1247605,1244,9063,9090174,0.0858,5.67,5.92,89.43,4397,0.9882,1.6962,1.6,0.137,9.63,0.319,13960,1003,2024,ñÿ,11,15.9,5.9,8.8,1012.3,4.5,ìåìÏìå,2.1,0
2024/3/8,ã‡,20974600,20912,-1294691,-1291,14208,14250895,-0.0617,5.68,5.95,89.31,6297,1.0248,1.8667,1.472,-0.091,10.9,0.3978,22799,1003,2024,ã‡,10.7,15.5,6.8,10.9,1012,8.6,êºñkêº,5,0
2024/3/9,ìy,20922400,20860,1870153,1865,13667,13708409,0.0894,5.7,5.98,89.51,6151,1.0101,1.8725,1.526,0.136,10.36,0.3619,21604,1003,2024,ìy,8.3,13.9,2.9,11.2,1018.2,5.7,ìåìÏìå,2.9,0
2024/3/10,ì˙,16274400,16226,214363,214,9664,9693451,0.0132,5.7,5.97,89.49,4521,1.0405,1.8387,1.679,0.022,11.5,0.321,18653,1003,2024,ì˙,8.2,13.5,2.4,9,1025.6,5,ìåìÏìå,2.7,0
2024/3/11,åé,14980000,14935,1212948,1209,9004,9030678,0.081,5.63,5.87,88.96,4293,1.0093,1.7639,1.659,0.134,10.32,0.3161,15408,1003,2024,åé,10.7,18,3.2,6.5,1020.8,5.9,ìÏìå,2.7,7.5
2024/3/12,âŒ,12687800,12650,2267965,2261,7972,7996406,0.1788,5.62,5.85,88.8,3926,0.9676,1.7311,1.587,0.284,8.95,0.3041,11324,1003,2024,âŒ,13.7,19.4,9.2,7.5,1007.7,10.4,êºñkêº,4.2,20
2024/3/13,êÖ,12025500,11990,886099,883,7607,7630116,0.0737,5.61,5.85,88.56,3643,1.0171,1.7172,1.576,0.116,10.58,0.2871,12686,1003,2024,êÖ,11.8,17.7,6.5,11.2,1017.3,5.8,ìåìÏìå,3.3,0
2024/3/14,ñÿ,21646900,21582,-3905075,-3893,12918,12957150,-0.1804,5.85,6.11,89.57,5732,1.035,1.83,1.671,-0.301,11.29,0.3948,24368,1003,2024,ñÿ,12.6,18.5,7.1,9,1019.3,6.5,êº,3.2,0
2024/3/15,ã‡,20411200,20350,3289113,3279,12771,12809682,0.1611,5.65,5.91,89.4,5658,0.9502,1.7634,1.593,0.257,8.38,0.332,17046,1003,2024,ã‡,13,19.8,5.7,11.4,1021.1,6.6,ìåìÏìå,3.4,0
2024/3/16,ìy,21632800,21568,4558391,4545,13748,13789341,0.2107,5.67,5.94,89.03,5835,0.9484,1.8313,1.569,0.331,8.22,0.339,17726,1003,2024,ìy,13.5,20.8,5.4,11.4,1020.1,6.3,ìåìÏìå,3.3,0
2024/3/17,ì˙,19728900,19670,-476099,-475,12852,12890988,-0.0241,5.75,6.03,89.15,5918,1.0254,1.8126,1.53,-0.037,10.89,0.3838,21411,1003,2024,ì˙,15.4,18.8,12.9,0.8,1011.9,5,êºìÏêº,2.4,11.5
2024/3/18,åé,19063200,19006,1140052,1137,11717,11752087,0.0598,5.63,5.89,89.11,5161,0.984,1.8019,1.622,0.097,9.44,0.3569,17939,1003,2024,åé,13.3,16.9,8.9,10.2,1015.9,6.1,ìåñkìå,3,0
2024/3/20,êÖ,19274100,19216,1381934,1378,11739,11774117,0.0717,5.67,5.94,88.99,5243,0.9973,1.7955,1.637,0.117,9.91,0.339,19039,1003,2024,êÖ,10.2,13.9,5.3,11.3,1014.3,12.5,êºñkêº,6.9,0
2024/3/21,ñÿ,13502700,13462,1494033,1490,7992,8015913,0.1106,5.64,5.89,88.91,3706,1.0059,1.7945,1.684,0.186,10.21,0.3051,13750,1003,2024,ñÿ,9.1,17.7,1,11.7,1015.7,7.4,ìå,3.3,0
2024/3/22,ã‡,18210400,18156,4174669,4162,11385,11418979,0.2292,5.71,5.99,89.16,4963,0.9561,1.8176,1.595,0.366,8.48,0.318,15392,1003,2024,ã‡,11.4,16.9,5,9.1,1018.8,6.1,ìåìÏìå,3.2,0
2024/3/23,ìy,17948900,17895,941214,938,11766,11801395,0.0524,5.69,5.95,89.18,5129,0.9877,1.8757,1.521,0.08,9.55,0.3529,17090,1003,2024,ìy,15.9,20.5,10.3,0,1016,4.6,êºñkêº,1.7,0
2024/3/24,ì˙,30693400,30602,-36200,-36,18199,18253178,-0.0012,6.15,6.42,90.4,8418,1.0434,1.9154,1.682,-0.002,11.55,0.3779,35353,1003,2024,ì˙,18.5,19.7,16.8,0,1013.2,3.3,ìå,1.4,80
2024/3/25,åé,14803100,14759,-13075,-13,9640,9668917,-0.0009,5.97,6.23,89.87,4749,1.0316,1.8332,1.531,-0.001,11.08,0.3519,16358,1003,2024,åé,18.8,23.2,17.6,0,1010.4,5.7,ìÏêº,2.3,8
2024/3/26,âŒ,13463700,13423,1031452,1028,8077,8100781,0.0766,5.76,6.01,88.65,3907,0.976,1.7343,1.662,0.127,9.2,0.318,12344,1003,2024,âŒ,19.5,23.4,11,10.5,1007.9,16.3,êº,7.5,5.5
2024/3/27,êÖ,13985500,13944,1799353,1794,8464,8489298,0.1287,5.69,5.93,89.15,4059,0.9634,1.7449,1.647,0.212,8.79,0.3031,12259,1003,2024,êÖ,12.8,17.6,7.2,11.5,1020.6,6,ìåìÏìå,2.7,0
2024/3/28,ñÿ,15866100,15819,1071448,1068,9528,9556928,0.0675,5.71,5.97,88.72,4556,0.9957,1.7588,1.66,0.112,9.86,0.338,15590,1003,2024,ñÿ,13.9,18.5,10.9,0,1013.6,5.3,ìÏêº,2.1,14.5
2024/3/29,ã‡,16129500,16081,2122945,2117,10358,10388787,0.1316,5.67,5.94,88.99,4865,1.0003,1.8076,1.553,0.204,10.01,0.335,16098,1003,2024,ã‡,19.5,25.9,14.8,10.9,1008.7,8.5,êº,5.4,0
2024/3/30,ìy,18358000,18303,1963062,1957,11441,11475078,0.1069,5.72,6,88.65,5114,0.997,1.7864,1.6,0.171,9.9,0.339,18115,1003,2024,ìy,20,27.4,14.1,8.4,1013,6.9,êºìÏêº,4.8,0
2024/3/31,ì˙,12294100,12257,1003745,1001,7258,7279320,0.0816,5.71,5.96,89.15,3393,1.0108,1.7879,1.689,0.138,10.38,0.2822,12728,1003,2024,ì˙,19,26.5,15,6.1,1009.2,7.1,êºìÏêº,3.7,5.5
2024/4/1,åé,12409800,12373,2339819,2333,7227,7248587,0.1885,5.61,5.88,89.25,3632,0.9815,1.7407,1.712,0.323,9.39,0.2981,11621,1003,2024,åé,18.8,28.2,14,11.5,1011.4,7.2,ìå,3.7,0
2024/4/2,âŒ,13273000,13233,2093845,2088,8112,8136619,0.1578,5.58,5.81,88.69,3868,0.9732,1.7413,1.631,0.257,9.1,0.2762,12048,1003,2024,âŒ,17.4,21.9,11.7,3.1,1015.5,5.1,ìå,2.7,2
2024/4/3,êÖ,12058500,12022,1576193,1571,7497,7519093,0.1307,5.56,5.78,88.41,3664,0.9827,1.771,1.604,0.21,9.43,0.2841,11333,1003,2024,êÖ,20.2,26.8,15.5,1.7,1005.9,12.3,êºìÏêº,4.2,28.5
2024/4/4,ñÿ,16443000,16394,2007239,2001,9861,9890719,0.1221,5.62,5.87,88.98,4608,1.0072,1.8112,1.662,0.203,10.25,0.335,16807,1003,2024,ñÿ,19.4,22.8,17.1,3.3,1009.1,7.6,êº,3.4,0
2024/4/5,ã‡,19791600,19732,1718055,1713,12412,12449718,0.0868,5.58,5.84,89.02,5563,1.0049,1.7991,1.59,0.138,10.17,0.3509,20067,1003,2024,ã‡,15.8,17.9,14.7,0,1015,3.2,ìå,1.5,7
2024/4/6,ìy,22499200,22432,2030177,2024,14122,14164414,0.0902,5.58,5.84,89.13,5886,0.9889,1.8953,1.588,0.143,9.59,0.3639,21506,1003,2024,ìy,16,16.9,15.1,0,1016.1,4.8,ìåñkìå,2,18.5
2024/4/7,ì˙,14061100,14019,2401522,2394,8697,8723378,0.1708,5.55,5.81,88.4,4108,0.975,1.7121,1.612,0.275,9.2,0.321,12892,1003,2024,ì˙,17.4,19.2,15.8,0,1014.8,5.1,ñkìå,2.5,7.5
2024/4/8,åé,27319400,27457,2259144,2270,17817,17727636,0.0827,5.67,5.93,88.81,7447,0.9852,1.7396,1.541,0.127,9.52,0.3739,26132,995,2024,åé,17.5,18.6,16.4,0,1011.5,2,êºñkêº,1,18
2024/4/10,êÖ,15557500,15636,2881178,2896,10883,10829013,0.1852,5.61,5.87,88.45,4909,0.9834,1.7641,1.437,0.266,9.44,0.3206,14765,995,2024,êÖ,14.4,18.3,9.2,11.6,1022.7,6.5,ìåñkìå,3.2,0
2024/4/11,ñÿ,12935000,13000,2449654,2462,8062,8022010,0.1894,5.59,5.85,88.73,3865,0.9437,1.6818,1.612,0.305,8.23,0.3085,10697,995,2024,ñÿ,17.1,19.2,12.4,0,1021.1,7.2,ìåñkìå,4.1,3
2024/4/12,ã‡,20728700,20833,-131879,-133,13405,13337698,-0.0064,5.64,5.91,89.22,5897,1.0086,1.8393,1.554,-0.01,10.31,0.3879,21485,995,2024,ã‡,17.6,20.3,15.3,1.7,1016.6,5.4,ìåñkìå,2.4,0
2024/4/13,ìy,18986600,19082,224525,226,12816,12751924,0.0118,5.67,5.93,88.93,5702,1.0016,1.8861,1.489,0.018,10.06,0.3739,19197,995,2024,ìy,16.7,22.1,13.6,5,1016.2,4.8,ìåìÏìå,2.1,1
2024/4/14,ì˙,20235200,20337,-1455221,-1463,12608,12545226,-0.0719,5.73,5.98,89.31,5468,1.0381,1.9262,1.613,-0.116,11.49,0.3789,23358,995,2024,ì˙,17.6,22.8,11.5,4.9,1019,6.7,ìåñkìå,3.6,0
2024/4/15,åé,12702000,12830,2403226,2428,8316,8233006,0.1892,5.6,5.85,88.64,3672,0.9715,1.8136,1.543,0.292,8.99,0.303,11540,990,2024,åé,19,20.6,16.4,0,1015.6,6.5,ìåìÏìå,3.6,20
2024/4/16,âŒ,13177800,13244,1417957,1425,8317,8275581,0.1076,5.57,5.83,88.13,3800,0.9764,1.6982,1.592,0.171,9.22,0.2894,12213,995,2024,âŒ,20.1,23.2,18.3,3.2,1011.1,5.5,ìåñkìå,2.5,3
2024/4/17,êÖ,13386400,13454,1728547,1737,8698,8654449,0.1291,5.6,5.86,88.42,3846,0.9831,1.8528,1.547,0.2,9.38,0.3035,12625,995,2024,êÖ,19.8,23.4,16.2,4.5,1008.5,5.5,ìåìÏìå,2.3,0
2024/4/18,ñÿ,12518900,12582,1005197,1010,8348,8306653,0.0803,5.56,5.83,88.74,4013,0.9811,1.7591,1.507,0.121,9.37,0.2995,11790,995,2024,ñÿ,18.8,23.6,14.9,6.3,1004.7,5.3,ìåìÏìå,2.4,10
2024/4/19,ã‡,19762500,19862,1666067,1674,13083,13018039,0.0843,5.76,6.05,89.13,5934,1.0082,1.7787,1.518,0.128,10.28,0.3668,20412,995,2024,ã‡,17.2,22.8,11.3,10.3,1011.4,5.2,ìåìÏìå),2.8,0
2024/4/20,ìy,20986900,21092,1670181,1679,14174,14103046,0.0796,5.74,6.03,88.91,6119,0.9888,1.8664,1.488,0.118,9.6,0.3819,20247,995,2024,ìy,16.9,21.2,11.7,0.7,1011.7,3.9,êºñkêº,1.7,21.5
2024/4/21,ì˙,16081400,16162,1913004,1923,10247,10196203,0.119,5.68,5.96,88.5,4830,1.0008,1.7623,1.577,0.188,10.03,0.3548,16206,995,2024,ì˙,20.1,25.2,17,0.3,1007.6,4.6,ñkìå,1.5,26.5
2024/4/22,åé,21754300,22019,2861203,2896,13643,13479642,0.1315,5.74,6.05,89.13,5866,0.9949,1.7798,1.614,0.212,9.83,0.3462,21635,988,2024,åé,20.6,24.9,18.8,1.9,1008.3,5.5,ìåìÏìå,2,5.5
2024/4/24,êÖ,15689200,15880,582282,589,9615,9499218,0.0371,5.72,6,89.14,4534,1.0179,1.7728,1.652,0.061,10.64,0.3482,16891,988,2024,êÖ,21.1,27.1,16.6,5,1005,6.4,ìåñkìå,2.4,0
2024/4/25,ñÿ,14989800,15172,731101,740,9382,9269193,0.0488,5.76,6.05,89.03,4515,1.0124,1.7615,1.617,0.079,10.42,0.336,15816,988,2024,ñÿ,18.3,22.6,13.8,11.6,1008.9,5.7,ìåìÏìå,3.3,0
2024/4/26,ã‡,20819400,21072,3483291,3526,13959,13791760,0.1673,5.67,5.95,89.43,6144,0.971,1.8083,1.51,0.253,9.02,0.3593,19001,988,2024,ã‡,18.2,21,15.6,0,1009.6,3.6,ìåñkìå,1.8,1.5
2024/4/27,ìy,18982200,19213,-804375,-814,13595,13432331,-0.0424,5.65,5.94,89.29,6093,1.0351,1.8916,1.413,-0.06,11.3,0.3907,21712,988,2024,ìy,18.6,20.4,17.1,0,1009.1,4.9,êºñkêº,2,39.5
2024/4/28,ì˙,23278500,23561,1408970,1426,14812,14633764,0.0605,5.65,5.92,89.25,6415,0.9834,1.7836,1.591,0.096,9.43,0.3725,22217,988,2024,ì˙,21,24.4,18,2.6,1012.7,4.4,ìå,2.1,0
2024/4/29,åé,15419800,15607,980214,992,10115,9993932,0.0636,5.62,5.86,89.36,4829,0.9657,1.763,1.543,0.098,8.89,0.3097,13867,988,2024,åé,21.1,23.4,19.8,0.2,1006.1,3.9,ìå,1.7,24.5
2024/4/30,âŒ,16701800,16905,1484813,1503,10128,10005992,0.0889,5.58,5.81,89.46,4757,1.0072,1.7769,1.669,0.148,10.25,0.3492,17331,988,2024,âŒ,22.7,27.6,19.9,7.3,1002.1,6.2,êºìÏêº,3.4,0
2024/5/1,êÖ,18712000,18939,1361565,1378,11562,11423091,0.0728,5.6,5.83,89.89,5435,1.0194,1.7825,1.638,0.119,10.67,0.3715,20209,988,2024,êÖ,19.2,21.5,17.8,0,1004.6,5.8,ñkìå,2.4,16.5
2024/5/2,ñÿ,20585200,20835,1230160,1245,14008,13839862,0.0598,5.61,5.85,89.09,6257,0.9936,1.7836,1.487,0.089,9.78,0.3785,20385,988,2024,ñÿ,18,20.4,16.1,2.6,1013.6,5.1,ìå,2.8,0
2024/5/3,ã‡,21200400,21458,3726629,3772,14312,14140510,0.1758,5.6,5.85,88.79,6257,0.9711,1.8235,1.499,0.264,9,0.3674,19312,988,2024,ã‡,19.8,24.1,14.9,7.3,1016.3,6.7,ìå,3.4,0
2024/5/4,ìy,26167900,26486,2192345,2219,17387,17178132,0.0838,5.71,5.97,89.3,7096,1.0059,1.9297,1.523,0.128,10.22,0.3725,27078,988,2024,ìy,19.8,23.6,17.7,0.2,1017.5,6.5,ìå,3.1,6
2024/5/5,ì˙,21318200,21577,1994789,2019,14170,13999666,0.0936,5.62,5.89,89.25,6279,0.9884,1.8136,1.523,0.142,9.6,0.3877,20707,988,2024,ì˙,20.9,24.7,16,2.3,1017.7,7.2,ìåìÏìå,3.7,0
2024/5/6,åé,16061200,16256,2332759,2361,9890,9771756,0.1452,5.6,5.85,88.94,4746,0.9798,1.7398,1.644,0.239,9.33,0.3289,15168,988,2024,åé,21.3,22.8,19.8,0,1010.8,5.4,ìÏìÏìå,2.8,76.5
2024/5/7,âŒ,19829500,20030,-866613,-875,13569,13432951,-0.0437,5.65,5.93,88.85,6262,1.0372,1.8008,1.476,-0.065,11.28,0.4333,22594,990,2024,âŒ,21,24.9,17.3,3.1,1009.1,9.3,êº,4.7,0
2024/5/8,êÖ,14123000,14266,394462,398,8808,8720073,0.0279,5.59,5.84,89.21,4131,1.0221,1.7803,1.62,0.045,10.78,0.3303,15375,990,2024,êÖ,17.6,24.5,13.3,7.9,1010.2,6.9,ìåñkìå,3.6,11
2024/5/10,ã‡,23327900,23564,3369799,3404,14274,14131391,0.1445,5.57,5.81,89.09,5945,0.9594,1.7916,1.651,0.238,8.6,0.3424,20259,990,2024,ã‡,18.3,24.1,11.7,11.5,1019.6,6.7,ìåìÏìå,3,0
2024/5/11,ìy,22208900,22433,1705681,1723,14696,14548649,0.0768,5.58,5.85,88.96,6476,1.0106,1.8303,1.527,0.117,10.38,0.3808,23280,990,2024,ìy,20.1,24.6,14.1,8.6,1018.3,6.9,ìÏìå,3.4,0
2024/5/12,ì˙,13668700,13807,1398585,1413,8923,8833957,0.1023,5.63,5.89,89.07,4135,0.9872,1.8065,1.547,0.158,9.55,0.3394,13182,990,2024,ì˙,20.1,21.5,18.5,0,1010.4,4.7,ìÏêº,1.9,26.5
2024/5/13,åé,12852100,12982,1674429,1691,7559,7483147,0.1303,5.53,5.76,88.61,3568,0.9663,1.756,1.717,0.224,8.85,0.298,11488,990,2024,åé,20.5,23.8,15.9,1.9,1007.7,6.7,ñkìå,2.8,1
2024/5/14,âŒ,20733500,20943,-1038459,-1049,12342,12218601,-0.0501,5.64,5.87,89.53,5308,1.0228,1.9142,1.697,-0.085,10.89,0.3727,22816,990,2024,âŒ,18.4,23.5,12.2,13.2,1013.9,4.7,ìåìÏìå,2.6,0
2024/5/15,êÖ,12767300,12896,2995015,3025,7747,7669414,0.2346,5.53,5.74,88.57,3594,0.9382,1.6961,1.665,0.391,8.02,0.2798,10338,990,2024,êÖ,19.8,26,15.1,5,1011.3,6.9,êº,2.6,0
2024/5/16,ñÿ,12974700,13106,979207,989,7981,7901281,0.0755,5.52,5.75,88.7,3863,0.9901,1.7457,1.642,0.124,9.67,0.3111,12670,990,2024,ñÿ,19.7,25.8,15,13.2,1010,13,êº,7.7,0
2024/5/17,ã‡,18936100,19127,492038,497,12916,12786614,0.026,5.54,5.77,88.39,5829,1.0128,1.8376,1.481,0.038,10.45,0.3758,19991,990,2024,ã‡,19.8,25.6,14.7,12.8,1015.9,6.3,êº,3.5,0
2024/5/18,ìy,20444600,20651,2980859,3011,13393,13259328,0.1458,5.47,5.7,88.47,5765,0.9717,1.8142,1.542,0.225,9.01,0.3313,18601,990,2024,ìy,19.7,24.7,12.2,11,1016.7,4.2,ìåñkìå,2.6,0
2024/5/19,ì˙,15626700,15785,3680518,3718,8457,8372074,0.2355,5.5,5.74,87.84,3975,0.967,1.6847,1.867,0.44,8.91,0.2808,14069,990,2024,ì˙,18.6,20.8,15.2,0.4,1014.2,8,ñkñkìå,3.3,1.5
2024/5/20,åé,16959800,17131,2377787,2402,10331,10227428,0.1402,5.53,5.76,89.19,4798,0.9835,1.7222,1.658,0.232,9.46,0.3283,16207,990,2024,åé,20,26.5,13.2,9.3,1012.8,4.2,êºñkêº,2.6,0
2024/5/21,âŒ,11583900,11701,425173,429,7492,7417186,0.0367,5.5,5.75,88.82,3787,0.9959,1.7797,1.562,0.057,9.86,0.3152,11538,990,2024,âŒ,21.9,29.2,17.2,6,1015.1,5.4,ìåñkìå,2.5,0
2024/5/23,ñÿ,13058000,13190,1726468,1744,8069,7988639,0.1322,5.43,5.68,88.76,4082,1.0085,1.7698,1.635,0.216,10.29,0.3141,13566,990,2024,ñÿ,19.7,21,18.4,0,1010,5.7,ñkìå,3.1,8
2024/5/24,ã‡,14729500,14878,2619262,2646,8943,8853383,0.1778,5.45,5.67,88.55,4206,0.9627,1.6876,1.664,0.296,8.82,0.297,13124,990,2024,ã‡,22.4,27.3,18.8,2.8,1009,4.5,ìåìÏìå,1.9,11
2024/5/25,ìy,31874000,32196,2240264,2263,19537,19341276,0.0703,5.58,5.81,89.66,8399,0.9937,1.8199,1.648,0.116,9.79,0.4101,31514,990,2024,ìy,22.3,26.7,18.2,12.2,1012.4,5.1,ìå,2.6,0
2024/5/26,ì˙,21038200,21251,3481726,3517,13461,13326332,0.1655,5.47,5.69,88.46,5950,0.9697,1.7854,1.579,0.261,8.98,0.3535,19089,990,2024,ì˙,22.2,26,17.8,5.5,1011.6,5.9,ìåìÏìå,2.9,0
2024/5/27,åé,14334900,14480,4032474,4073,8373,8289725,0.2813,5.49,5.74,88.07,3868,0.9192,1.6619,1.729,0.486,7.5,0.2909,10867,990,2024,åé,24.4,30.1,20.5,1.8,1003.4,6.9,ìÏêº,2.7,47
2024/5/28,âŒ,14942500,15093,2001309,2022,8752,8664068,0.1339,5.46,5.71,88.77,4088,0.9581,1.7249,1.725,0.231,8.61,0.3071,13001,990,2024,âŒ,22.4,25.5,20.2,1.6,997.8,7.7,ñkìå,2.6,81.5
2024/5/29,êÖ,16680800,16849,450542,455,10220,10117367,0.027,5.55,5.8,89.04,4886,1.029,1.8015,1.649,0.045,11.01,0.3576,18558,990,2024,êÖ,20.6,25.9,15.4,12.1,1009.6,6.6,ìåìÏìå,3,0
2024/5/30,ñÿ,11862800,11983,2342857,2367,6948,6878380,0.1975,5.45,5.69,88.39,3354,0.9605,1.7082,1.725,0.341,8.72,0.2808,10450,990,2024,ñÿ,19.9,25.1,14.3,2.5,1010.9,4.9,ìåñkìå,2.2,1
2024/5/31,ã‡,14079600,14222,2530045,2556,8446,8361833,0.1797,5.49,5.7,88.11,3859,0.9655,1.7363,1.684,0.303,8.85,0.298,12587,990,2024,ã‡,20.1,21.6,19.1,0,1007.6,4,ìå,1.7,16
2024/6/1,ìy,18740400,18930,1021649,1032,12063,11942695,0.0545,5.45,5.67,88.84,5761,1.0016,1.7525,1.569,0.086,10.05,0.3747,19026,990,2024,ìy,21.9,26.5,17.2,10.9,1007.8,5.5,ìÏìå,3.1,0
2024/6/2,ì˙,18610900,18799,3273009,3306,11533,11417802,0.1759,5.46,5.68,88.57,5253,0.97,1.7829,1.63,0.287,8.98,0.3475,16887,990,2024,ì˙,21.8,25.6,17.2,9.7,1006,6.9,êº,3,0
2024/6/3,åé,23387700,23576,1627108,1640,14648,14530344,0.0696,5.62,5.86,90.36,6481,0.9888,1.7439,1.61,0.112,9.64,0.376,22722,992,2024,åé,21.3,24.9,18.8,8.3,1006.7,5.6,ìå,2.6,0
2024/6/4,âŒ,17391800,17532,4456415,4492,9033,8960620,0.2562,5.56,5.82,89.35,4335,0.9424,1.6832,1.941,0.497,8.17,0.2883,14326,992,2024,âŒ,21.3,25.4,17,8.7,1010.7,6.4,ìåñkìå,3,0
2024/6/6,ñÿ,12920300,13024,2720869,2743,7618,7557500,0.2106,5.55,5.8,88.1,3812,0.9528,1.6513,1.71,0.36,8.55,0.2651,11135,992,2024,ñÿ,20.2,23.7,18.2,0,1015.9,6.1,ñkìå,2.1,11.5
2024/6/7,ã‡,12581800,12683,876103,883,7937,7873079,0.0696,5.52,5.75,88.74,4240,0.9909,1.666,1.598,0.111,9.72,0.3226,12327,992,2024,ã‡,21.2,25.4,17.4,4.5,1013.5,6.5,ñkìå,2.7,0.5
2024/6/8,ìy,22403300,22584,807201,814,13722,13612708,0.036,5.57,5.81,88.84,6154,0.9814,1.8007,1.646,0.059,9.36,0.37,21140,992,2024,ìy,21.9,24.5,19,0.5,1011,5.9,ìåìÏìå,2.8,23
2024/6/9,ì˙,20227600,20391,2876813,2900,12783,12681044,0.1422,5.56,5.82,88.53,6066,0.9865,1.8118,1.595,0.227,9.54,0.3488,19455,992,2024,ì˙,22,25.7,20.6,0.1,1004.8,5.3,ñkñkìå,2.4,28
2024/6/10,åé,15633200,15759,2057316,2074,8995,8922878,0.1316,5.5,5.75,88.45,4308,0.981,1.7202,1.752,0.231,9.38,0.3155,14789,992,2024,åé,22.8,26,20.2,1.6,1008,5.2,ìåìÏìå,2.1,0
2024/6/11,âŒ,14331900,14447,2336699,2356,8593,8524421,0.163,5.44,5.68,88.47,4126,0.9805,1.7301,1.681,0.274,9.36,0.3054,13529,992,2024,âŒ,23.2,27.6,19.6,4.5,1007.9,5.3,ìå,2.5,0
2024/6/12,êÖ,13364100,13472,3281728,3308,7526,7465500,0.2456,5.49,5.72,88.61,3727,0.9368,1.6656,1.79,0.44,8.08,0.2833,10880,992,2024,êÖ,22.7,24.9,21.3,0.6,1005.1,6.4,ìåñkìå,2.9,1
2024/6/13,ñÿ,10850000,10938,1445570,1457,7000,6944219,0.1332,5.46,5.69,87.76,3374,0.9695,1.7775,1.562,0.208,8.98,0.2823,9820,992,2024,ñÿ,24.5,28.4,21.6,10.8,1003.4,5.1,ñkìå,3,0
2024/6/14,ã‡,14074900,14188,2429852,2449,8291,8224701,0.1726,5.47,5.7,88.21,4069,0.966,1.6692,1.711,0.295,8.95,0.3256,12702,992,2024,ã‡,24.3,28.9,19.1,10.7,1005.8,5.6,ìå,3,0
2024/6/15,ìy,26009900,26220,1995536,2012,16225,16095317,0.0767,5.73,6,88.77,6819,0.9847,1.8314,1.616,0.124,9.46,0.3942,24805,992,2024,ìy,23.6,25,22.4,0,1002.5,5.2,ìå,2.4,7.5
2024/6/16,ì˙,19418600,19575,2674331,2696,12826,12723316,0.1377,5.62,5.89,88.5,6039,1.0016,1.7821,1.526,0.21,10.05,0.3528,19679,992,2024,ì˙,26.8,33.2,21,9.7,1004.4,7,êº,3.5,0
2024/6/17,åé,12829700,12933,2036640,2053,8179,8113430,0.1587,5.57,5.82,88.34,4050,0.9791,1.7549,1.581,0.251,9.31,0.3044,12038,992,2024,åé,21.9,24.4,19.9,0,1007.3,4.4,êº,1.7,89
2024/6/18,âŒ,19596100,19754,3555216,3584,11488,11396272,0.1814,5.6,5.85,88,5328,0.9637,1.7465,1.72,0.312,8.84,0.3387,17457,992,2024,âŒ,23.1,27.8,19.8,4.4,1002.5,5.4,ìåñkìå,1.9,25.5
2024/6/19,êÖ,11752200,11847,1302836,1313,7322,7263647,0.1109,5.53,5.77,87.95,3703,0.9647,1.7006,1.618,0.179,8.88,0.2883,10525,992,2024,êÖ,24.8,29.4,20,7.1,1008.5,4.3,ìåìÏìå,2.2,0
2024/6/20,ñÿ,11917500,12014,1710022,1724,7633,7571449,0.1435,5.5,5.73,88.43,3686,0.966,1.8119,1.574,0.226,8.83,0.2984,10603,992,2024,ñÿ,20.9,24.3,18.6,0,1006.9,4.9,ñkìå,2,144
2024/6/21,ã‡,13982100,14095,2389275,2409,8392,8324750,0.1709,5.51,5.74,88.36,4038,0.968,1.7138,1.68,0.287,8.96,0.2994,12629,992,2024,ã‡,25.3,30.1,20.3,9.5,1001.5,8.1,êºìÏêº,3.4,21.5
2024/6/22,ìy,20004600,20186,3302504,3332,12841,12725546,0.1651,5.64,5.91,88.33,5547,0.9458,1.774,1.572,0.26,8.21,0.3239,16575,991,2024,ìy,26.2,31.4,22.6,1.2,1004.1,8.1,êºìÏêº,3,40
2024/6/23,ì˙,22727000,22933,3144634,3173,14218,14090234,0.1384,5.6,5.86,88.44,6333,0.9851,1.8078,1.613,0.223,9.5,0.3451,21779,991,2024,ì˙,29.2,32.6,27.4,0.6,1002.1,10.1,êºìÏêº,7,0.5
2024/6/24,åé,15779600,15955,2711581,2742,9794,9686731,0.1718,5.51,5.76,87.99,4553,0.9662,1.7173,1.629,0.28,8.89,0.3175,14188,989,2024,åé,26.4,29.2,24.4,0.1,1005.8,6.1,ìÏêº,3.3,65
2024/6/25,âŒ,17148300,17357,2033282,2058,9585,9470149,0.1186,5.71,5.99,88.46,4269,0.9903,1.794,1.811,0.215,9.66,0.332,16762,988,2024,âŒ,25.7,30.1,22.5,1.3,1009.7,6.7,êºìÏêº,3.5,18
2024/6/26,êÖ,13332400,13494,1402414,1419,8216,8116930,0.1052,5.55,5.81,88.21,3944,0.9821,1.7392,1.643,0.173,9.4,0.3411,12689,988,2024,êÖ,24,28.4,22.1,1.2,1013.8,4.9,ìåìÏìå,1.9,6.5
2024/6/27,ñÿ,13733500,13900,1283388,1299,8456,8354776,0.0934,5.5,5.74,88.29,4286,0.9841,1.6809,1.644,0.154,9.5,0.2976,13205,988,2024,ñÿ,23.6,26.7,22.3,0.3,1012.8,4.2,êº,1.4,62.5
2024/6/28,ã‡,15248500,15434,979049,991,9228,9117033,0.0642,5.59,5.84,88.4,4427,1.0119,1.7688,1.673,0.107,10.41,0.3249,16065,988,2024,ã‡,24.7,27.7,22.6,0.1,1008.3,6.1,êºìÏêº,2.6,42
2024/6/29,ìy,24028600,24320,2160523,2187,14794,14616422,0.0899,5.69,5.97,88.91,6813,1.0052,1.7722,1.644,0.148,10.17,0.3836,24744,988,2024,ìy,25.5,27.7,23.7,0,1010,6,êº,2.1,6
2024/6/30,ì˙,21932000,22198,-19453,-20,13860,13693463,-0.0009,5.69,5.96,88.46,6420,1.0195,1.8522,1.602,-0.001,10.69,0.3856,23734,988,2024,ì˙,28.3,33.3,23.4,4.5,1006.6,8.7,êºìÏêº,4.1,0
2024/7/1,åé,12635400,12789,590919,598,8149,8051290,0.0468,5.48,5.7,87.96,4126,0.9949,1.7467,1.569,0.073,9.83,0.3057,12577,988,2024,åé,28.8,31.9,26.1,2.7,1005.4,8.8,êºìÏêº,4.9,3.5
2024/7/2,âŒ,14121400,14293,3217820,3257,7866,7771606,0.2279,5.5,5.73,88.09,3916,0.9441,1.7072,1.817,0.414,8.24,0.2804,11780,988,2024,âŒ,30.4,35.5,25.5,12.5,1009.4,8,êºìÏêº,4.1,0
2024/7/3,êÖ,13728400,13895,2137144,2163,8369,8268719,0.1557,5.49,5.71,87.85,4041,0.9585,1.7247,1.66,0.258,8.66,0.3057,12033,988,2024,êÖ,30.9,36.2,25.2,12.4,1012.7,7.1,êº,4.5,0
2024/7/4,ñÿ,11960800,12106,1168059,1182,6813,6731528,0.0977,5.45,5.68,87.92,3606,0.9992,1.7097,1.777,0.174,9.97,0.2986,12076,988,2024,ñÿ,31.1,36.6,27.4,13.7,1010,8.3,êº,5.5,0
2024/7/5,ã‡,15627700,15818,2578117,2609,8913,8806434,0.165,5.54,5.81,88.28,4377,0.9986,1.7499,1.775,0.293,9.95,0.3057,15744,988,2024,ã‡,30.9,35.6,27.1,10.8,1007.7,8.6,êº,5.1,0
2024/7/6,ìy,19518100,19755,2742820,2776,12600,12448335,0.1405,5.51,5.75,88.61,6069,1.0019,1.8298,1.568,0.22,10.07,0.3694,19886,988,2024,ìy,31.5,36.9,27.5,13.7,1008.9,8.2,êº,5.5,0
2024/7/7,ì˙,24065200,24357,3089598,3127,14415,14241624,0.1284,5.56,5.8,88.41,6404,0.9817,1.7807,1.69,0.217,9.37,0.3725,22828,988,2024,ì˙,31.3,36.6,27.2,12.2,1008.9,8.2,êºìÏêº,5,0
2024/7/8,åé,15172600,15357,1795922,1818,9505,9390484,0.1184,5.55,5.78,87.81,4281,0.9331,1.6964,1.616,0.191,7.91,0.3168,12142,988,2024,åé,31.4,36.3,27.2,10.5,1007.8,7.6,êºìÏêº,4.6,0
2024/7/9,âŒ,21772422,22082,1979148,2007,13239,13054129,0.0909,5.74,6.02,88.55,6377,1.0225,1.7429,1.668,0.152,10.73,0.3712,23696,986,2024,âŒ,31.2,35.8,27.3,10.3,1007.9,8.7,êº,4.5,0
2024/7/11,ñÿ,17668067,17919,4548628,4613,10110,9968065,0.2574,5.58,5.82,88.56,4701,0.9635,1.7251,1.772,0.456,8.82,0.3032,15802,986,2024,ñÿ,27.6,30,24,0.2,1001.9,8.5,êºìÏêº,3.9,13
2024/7/12,ã‡,17979105,18234,3639413,3691,9884,9745878,0.2024,5.58,5.82,88.23,4865,0.9532,1.6681,1.845,0.373,8.54,0.3144,15574,986,2024,ã‡,25.5,28.9,23.4,0.1,1001.6,5.7,êº,2.3,49
2024/7/13,ìy,21897655,22209,1622405,1645,13854,13660534,0.0741,5.55,5.79,88.49,6407,0.9921,1.7529,1.603,0.119,9.74,0.36,21630,986,2024,ìy,25.4,29,23.5,0,1006,6.3,êºìÏêº,2.2,15.5
2024/7/14,ì˙,22593983,22915,3547833,3598,14134,13935754,0.157,5.56,5.78,88.49,6355,0.9754,1.7898,1.621,0.255,9.18,0.3763,21031,986,2024,ì˙,25.5,28.4,23.9,0.5,1011.2,5,êº,1.8,31.5
2024/7/15,åé,26920800,27303,-197535,-200,16895,16658172,-0.0073,5.76,5.99,88.82,7396,1.0107,1.8992,1.616,-0.012,10.39,0.4199,28375,986,2024,åé,25,26.3,23.7,0,1012.3,5.1,êº,2.6,7.5
2024/7/16,âŒ,11975500,12146,232124,235,7444,7339750,0.0194,5.59,5.82,88.22,3770,1.0128,1.8026,1.632,0.032,10.45,0.3093,12687,986,2024,âŒ,26.7,32.6,23.2,10.1,1012.9,5,ìåìÏìå,2.5,13.5
2024/7/17,êÖ,12972100,13156,599027,608,7609,7502482,0.0462,5.52,5.75,88.15,4039,1.0067,1.7015,1.729,0.08,10.22,0.3073,13441,986,2024,êÖ,28.5,33.6,23.5,11.4,1011.8,5.7,ìåìÏìå,2.5,0
2024/7/18,ñÿ,12186000,12359,2523240,2559,7494,7388823,0.2071,5.54,5.75,87.99,3508,0.9465,1.7677,1.649,0.341,8.24,0.2738,10179,986,2024,ñÿ,28.4,34.7,23.7,3,1009.5,5.8,êºìÏêº,2.3,2.5
2024/7/19,ã‡,14007300,14206,3355091,3403,8055,7941824,0.2395,5.51,5.73,87.82,3959,0.9501,1.6805,1.764,0.422,8.44,0.284,11994,986,2024,ã‡,31.3,35.8,26.3,12.5,1008.8,9.4,êº,3.9,0
2024/7/20,ìy,18723800,18990,2902771,2944,11381,11221587,0.155,5.56,5.81,87.97,5364,0.9637,1.7364,1.669,0.259,8.83,0.3367,16760,986,2024,ìy,32.2,37,27.3,13.4,1010.2,6.5,ìÏêº,3.7,0
2024/7/21,ì˙,20556900,20849,1687224,1711,12938,12757219,0.0821,5.55,5.8,88.4,6048,0.9637,1.7615,1.611,0.132,8.81,0.3641,18376,986,2024,ì˙,32.2,37.3,27.4,11.7,1009.9,5.2,ìåìÏìå,3.1,0
2024/7/22,åé,15120800,15335,2579020,2616,8158,8043709,0.1706,5.53,5.77,88.72,4402,1.0038,1.6834,1.88,0.321,10.12,0.3063,15520,986,2024,åé,31.5,36.2,27.9,11.1,1009.2,6.6,ìÏìå),2.9,0
2024/7/24,êÖ,20384500,20590,2747273,2775,11978,11858479,0.1348,5.66,5.9,88.15,5527,1.0042,1.7483,1.719,0.232,10.14,0.3465,20875,990,2024,êÖ,30,33.7,26.6,9.7,1006.4,5.7,ìÏìå,2.5,0
2024/7/25,ñÿ,15205900,15359,708089,715,8474,8388936,0.0466,5.57,5.83,88.66,4167,1.0141,1.7626,1.813,0.084,10.49,0.298,16111,990,2024,ñÿ,28.2,32.4,26,7.4,1007.9,5.6,ìåìÏìå,2.5,10
2024/7/26,ã‡,13525500,13676,1913481,1935,7906,7818702,0.1415,5.43,5.67,87.64,3877,0.9791,1.6818,1.73,0.245,9.33,0.3145,12754,989,2024,ã‡,28.3,31.6,25.9,2.8,1012.8,5.3,ìÏìå,2.5,11.5
2024/7/27,ìy,19905500,20127,3264962,3301,12101,11967404,0.164,5.45,5.67,88.55,5707,0.963,1.7286,1.663,0.273,8.81,0.3448,17738,989,2024,ìy,28.7,32,25.9,6.4,1016.9,4.7,ìÏìå,2.1,9.5
2024/7/28,ì˙,22639400,22891,4527271,4578,13414,13266462,0.2,5.46,5.69,88.62,6122,0.9476,1.7674,1.707,0.341,8.29,0.3256,18967,989,2024,ì˙,30.3,34.7,25.5,13,1014,4.8,ìåìÏìå,2.4,0
2024/7/29,åé,13434300,13584,2361440,2388,7663,7579046,0.1758,5.48,5.7,88.38,3831,0.9817,1.7382,1.773,0.312,9.39,0.3054,12750,989,2024,åé,30.3,35.4,26.9,13.2,1009.2,5.6,ìåìÏìå,3.1,0
2024/7/30,âŒ,11698600,11829,2231650,2256,6946,6869349,0.1908,5.47,5.69,88.62,3350,0.9894,1.7863,1.703,0.325,9.63,0.2669,11395,989,2024,âŒ,31.1,38.2,26.1,13.4,1005.7,6.7,êº,3.4,0
2024/7/31,êÖ,11648200,11778,1308942,1324,6940,6863460,0.1124,5.42,5.63,88.24,3384,0.9853,1.7999,1.697,0.191,9.49,0.2882,11180,989,2024,êÖ,29.8,34.4,26.3,13.3,1005.8,6.6,ìåìÏìå,3.1,0
2024/8/1,ñÿ,12058000,12192,2187982,2212,6807,6732442,0.1815,5.45,5.65,87.44,3405,0.9678,1.7305,1.791,0.325,8.94,0.273,10897,989,2024,ñÿ,30,33.6,26.7,13,1004.8,5.2,ìåìÏìå,2.6,0
2024/8/2,ã‡,12555700,12695,1477838,1494,7449,7366574,0.1177,5.44,5.66,87.72,3811,1.0012,1.7223,1.704,0.201,10.04,0.3114,12745,989,2024,ã‡,30.2,33.9,27.2,10,1004.8,6.5,ìåìÏìå,2.9,0
2024/8/3,ìy,20277300,20503,2828354,2860,11991,11859026,0.1395,5.51,5.73,88.6,5663,0.9656,1.7468,1.71,0.238,8.89,0.3306,18226,989,2024,ìy,30.4,33.6,27.4,11.1,1006.2,4.5,ñkêº,2.7,0
2024/8/4,ì˙,20528800,20757,2886081,2918,12811,12670141,0.1406,5.46,5.71,88.32,6002,0.9672,1.7696,1.62,0.228,8.91,0.3559,18493,989,2024,ì˙,30.6,35.2,27,10.5,1006.2,4.9,ìåìÏìå,2.3,0
2024/8/5,åé,15199100,15368,2504623,2532,9089,8988754,0.1648,5.46,5.67,88.15,4352,0.9748,1.7557,1.691,0.279,9.15,0.3286,14068,989,2024,åé,30.1,34.3,26,12,1005.6,4.8,ìåìÏìå,2.5,0
2024/8/7,êÖ,20927600,21203,2095466,2123,13368,13193937,0.1001,5.75,6.02,88.06,6193,0.9741,1.7152,1.586,0.159,9.2,0.3404,19502,987,2024,êÖ,29.8,33.9,26.5,12.1,1003.4,4.8,ìåìÏìå,2.8,0
2024/8/8,ñÿ,14139800,14326,1918010,1943,8788,8673398,0.1356,5.68,5.92,87.28,4249,0.9739,1.6725,1.63,0.221,9.19,0.2948,13164,987,2024,ñÿ,30,34.5,27,8.6,1002.4,5.6,ìå,3.2,0
2024/8/9,ã‡,12571500,12737,2206980,2236,7483,7385747,0.1756,5.66,5.89,87.96,4007,0.9859,1.6486,1.702,0.299,9.57,0.2817,12192,987,2024,ã‡,29.7,34.9,25.9,10.1,1001.5,6,ìåìÏìå,3.2,0
2024/8/10,ìy,20026900,20291,4073609,4127,11324,11177187,0.2034,5.52,5.75,88.12,5536,0.9609,1.66,1.792,0.364,8.83,0.3343,17918,987,2024,ìy,29.8,33.8,25.6,10.8,1000.7,5.6,ìåìÏìå,3.1,0
2024/8/11,ì˙,20251900,20519,4497775,4557,12520,12356788,0.2221,5.55,5.77,88.26,5677,0.924,1.7266,1.639,0.364,7.63,0.306,15655,987,2024,ì˙,30.1,34.4,25.8,11.5,1000.2,6.1,ìåìÏìå,2.9,0
2024/8/12,åé,21364300,21646,3780266,3830,12441,12279475,0.1769,5.53,5.75,88.39,6050,0.9581,1.6734,1.74,0.308,8.73,0.3414,18897,987,2024,åé,29.8,33.6,26.3,9,1001.4,6.1,ìåìÏìå,2.9,0
2024/8/13,âŒ,19663400,19922,2697771,2733,11589,11437960,0.1372,5.65,5.88,88.59,5382,0.9678,1.742,1.719,0.236,8.96,0.3475,17850,987,2024,âŒ,29.5,34,25.6,11.5,1004.5,5.3,ìå,2.7,0
2024/8/14,êÖ,21127200,21405,2953542,2992,12380,12218864,0.1398,5.6,5.84,88.58,6177,0.9779,1.7084,1.729,0.242,9.31,0.3425,19926,987,2024,êÖ,29.4,33.6,24.8,11.3,1005.4,5.8,ìå,2.9,0
2024/8/15,ñÿ,29255300,29641,2962417,3001,17315,17090319,0.1013,5.66,5.91,89.09,7676,1.0057,1.8266,1.712,0.173,10.2,0.4144,30220,987,2024,ñÿ,29.8,35.1,25.2,12.5,1004.7,5,ìåìÏìå,2.7,0
2024/8/16,ã‡,17374200,17603,1495293,1515,10727,10587395,0.0861,5.61,5.83,88.13,5001,0.9633,1.6998,1.641,0.141,8.85,0.3425,15576,987,2024,ã‡,30.8,35.8,26.4,10,1004.7,5.3,ìÏìå,2.8,0
2024/8/17,ìy,21967200,22257,4502516,4562,13295,13122259,0.205,5.61,5.85,88.24,5982,0.9519,1.7826,1.674,0.343,8.41,0.3343,18725,987,2024,ìy,29.5,34.8,26.3,7.6,1006.9,5.6,ìåìÏìå,2.9,0
2024/8/18,ì˙,23457400,23766,1752959,1776,15367,15167460,0.0747,5.64,5.88,88.54,6980,0.9876,1.785,1.547,0.116,9.59,0.3678,22790,987,2024,ì˙,29.4,34,25.4,8.2,1007.8,5.8,ìå,3.2,0.5
2024/8/19,åé,18586200,18831,1476089,1496,11765,11611815,0.0794,5.76,6.02,88.26,5682,1.0023,1.721,1.601,0.127,10.07,0.3658,18968,987,2024,åé,27,30.6,25.3,0,1008.9,4.7,ìÏ,2.2,111.5
2024/8/20,âŒ,22417100,22712,3837580,3888,14059,13876147,0.1712,5.68,5.94,88.29,6587,0.972,1.6797,1.616,0.277,9.15,0.3556,20771,987,2024,âŒ,29,33.6,25.1,10.2,1011.8,6.8,ìÏìå,2.7,0
2024/8/22,ñÿ,12084700,12244,2123529,2151,8004,7900399,0.1757,5.63,5.86,87.85,3932,0.9546,1.7362,1.53,0.269,8.59,0.2888,10516,987,2024,ñÿ,29.5,33,25.7,9.6,1009.3,6.5,ìÏìå,3,0
2024/8/23,ã‡,14724200,14918,2589184,2623,9250,9129643,0.1758,5.66,5.89,88.69,4739,0.9929,1.6982,1.613,0.284,9.77,0.305,14582,987,2024,ã‡,29.2,33.4,25.4,9.6,1009.4,6.9,ìÏìå,2.7,0
2024/8/24,ìy,20031700,20296,3541358,3588,12763,12596816,0.1768,5.62,5.88,88.4,5928,0.9937,1.8054,1.59,0.281,9.79,0.3343,19862,987,2024,ìy,29.3,33.5,25.9,10.8,1009.7,6,ìåìÏìå,2.8,0
2024/8/25,ì˙,25011800,25341,2457086,2489,16211,15999981,0.0982,5.62,5.87,88.23,7085,0.976,1.7982,1.563,0.154,9.2,0.3961,23319,987,2024,ì˙,29.2,33.3,25.2,11.9,1008,5.3,ìå,2.6,0
2024/8/26,åé,12929500,13100,2661476,2697,7785,7683866,0.2058,5.59,5.82,87.68,3788,0.9533,1.7489,1.683,0.346,8.48,0.2989,11111,987,2024,åé,27.6,32.5,24.6,7,1005.1,8.4,ñkìå,3.8,41.5
2024/8/27,âŒ,13119600,13292,1719244,1742,8095,7989771,0.131,5.59,5.82,88.62,3950,0.9778,1.7329,1.642,0.215,9.27,0.3019,12323,987,2024,âŒ,28.4,31.8,25,6.4,1002.7,10.8,ìåìÏìå,5.2,27
2024/8/28,êÖ,10210500,10345,415040,421,5533,5460730,0.0406,5.62,5.84,88.67,3035,0.9904,1.6922,1.87,0.076,9.69,0.2705,10024,987,2024,êÖ,26.8,28.2,23.8,0,999.9,16.8,ìåìÏìå,8.5,214
2024/8/30,ã‡,16685900,16906,2825496,2863,10744,10604809,0.1693,5.56,5.8,87.85,5332,0.9899,1.7931,1.573,0.266,9.67,0.3273,16342,987,2024,ã‡,28,31,26.7,0.8,995.5,10.9,êº,7,5
2024/8/31,ìy,20318100,20586,2414472,2446,12563,12400155,0.1188,5.6,5.86,88.28,6069,0.987,1.742,1.639,0.195,9.58,0.3658,19726,987,2024,ìy,29.9,35.9,25.4,11.1,1001.9,8.6,êºìÏêº,4.8,0
2024/9/1,ì˙,21596900,21881,4357460,4415,13556,13380220,0.2018,5.54,5.8,88.25,6526,0.9664,1.7794,1.614,0.326,8.91,0.3435,19503,987,2024,ì˙,27.6,32.4,23.9,10.9,1005.1,6.5,ìå,2.8,0
2024/9/2,åé,19450400,19687,1218667,1233,12322,12174108,0.0627,5.67,5.94,88.28,5955,1.0051,1.7631,1.598,0.1,10.16,0.3573,20005,988,2024,åé,27.4,31.6,23.2,10,1007.3,5.9,ìÏìå,2.4,0
2024/9/4,êÖ,21704900,21969,3522145,3565,13731,13566133,0.1623,5.6,5.84,87.79,6433,0.9823,1.7304,1.6,0.26,9.45,0.3553,20765,988,2024,êÖ,26.7,30.6,23,10.8,1007.2,4.5,ìå,2.5,0
2024/9/5,ñÿ,15698500,15889,2755712,2789,9532,9417986,0.1755,5.55,5.78,88.26,4814,0.958,1.7032,1.667,0.293,8.73,0.3047,13864,988,2024,ñÿ,26.6,31,22.4,9.8,1007.4,6.4,ìå,2.9,0
2024/9/6,ã‡,13656600,13836,956506,969,8512,8401239,0.07,5.51,5.75,88.44,4490,0.983,1.67,1.626,0.114,9.49,0.306,13129,987,2024,ã‡,27,31.1,22.6,11.6,1010.2,4.4,ìåìÏìå,2.5,0
2024/9/7,ìy,20943800,21220,5105911,5173,12854,12687363,0.2438,5.54,5.77,88.03,6118,0.926,1.6897,1.651,0.402,7.76,0.3191,16459,987,2024,ìy,27.2,31.7,23.2,11.2,1012.5,4.8,ìåìÏìå,2.5,0
2024/9/8,ì˙,21031300,21308,1973815,2000,13811,13631506,0.0939,5.56,5.82,87.84,6220,0.9779,1.8071,1.543,0.145,9.27,0.3404,19756,987,2024,ì˙,27.3,31.7,23.4,12.1,1011.5,5.3,ìå,2.7,0
2024/9/9,åé,13316600,13492,3081326,3122,7924,7820827,0.2314,5.54,5.8,87.78,3797,0.9251,1.7086,1.703,0.394,7.69,0.2655,10374,987,2024,åé,26.7,31.5,21.4,8.5,1010.5,7.6,ñkìå,4.4,8
2024/9/10,âŒ,15273300,15474,1599988,1621,9348,9226694,0.1048,5.48,5.72,88.21,4907,0.9968,1.7375,1.655,0.173,9.9,0.3242,15315,987,2024,âŒ,27.8,31.2,25.8,2.7,1011.8,6.8,ìåñkìå,3.7,7.5
2024/9/11,êÖ,14547300,14739,3112515,3154,8233,8125786,0.214,5.53,5.78,88.12,4291,0.9636,1.6412,1.79,0.383,8.91,0.2958,13138,987,2024,êÖ,28.6,31.8,26.2,5.1,1015.1,5.4,ìå,2.9,7.5
2024/9/12,ñÿ,13529700,13708,2600041,2634,8136,8030056,0.1922,5.49,5.73,87.74,3934,0.9607,1.7555,1.685,0.324,8.73,0.2948,11963,987,2024,ñÿ,28,32.3,24.6,10.1,1013.4,5.3,ìå,2.6,0
2024/9/13,ã‡,14021600,14206,3041094,3081,8397,8287615,0.2169,5.53,5.78,88.05,4205,0.9774,1.6953,1.692,0.367,9.29,0.2857,13200,987,2024,ã‡,27.9,31.7,24.1,8,1008.2,7,ñkìå,3.5,0
2024/9/14,ìy,21825400,22113,2362715,2394,13573,13396239,0.1083,5.57,5.8,88.42,6462,0.9898,1.7571,1.629,0.176,9.67,0.3536,21378,987,2024,ìy,28,31.5,26,2.6,1004.3,8.6,ìåñkìå,5.1,15
2024/9/15,ì˙,27882100,28249,-807887,-819,17972,17738554,-0.029,5.62,5.87,88.26,7968,0.9937,1.8628,1.572,-0.046,9.78,0.3961,27627,987,2024,ì˙,28.5,30.8,25.7,2.8,1006.9,7.1,ìå,4.2,25
2024/9/16,åé,19970200,20233,2486828,2520,12101,11943632,0.1245,5.56,5.82,88.32,5934,1.001,1.7558,1.672,0.208,10.03,0.3323,20301,987,2024,åé,29,32.2,27.3,6.6,1012.6,5.9,ìå,3.3,2.5
2024/9/17,âŒ,18370500,18612,3076213,3117,11363,11215142,0.1675,5.57,5.81,88.01,5591,0.9785,1.6693,1.638,0.274,9.35,0.3131,17399,987,2024,âŒ,28.1,31.8,25.5,6.9,1013.3,6.2,ìåñkìå,3.1,1
2024/9/18,êÖ,14357700,14547,2237284,2267,8150,8043580,0.1558,5.55,5.78,87.81,4089,0.9606,1.7184,1.785,0.278,8.75,0.304,12724,987,2024,êÖ,28.2,32.3,24.8,4,1013.4,6.2,ìåñkìå,3.4,17
2024/9/20,ã‡,17126400,17352,2977402,3017,9944,9814485,0.1738,5.71,5.95,89.13,5150,0.9678,1.638,1.745,0.303,9.06,0.2989,15715,987,2024,ã‡,28.8,32.3,25.8,7.7,1012.9,7,ìÏìå,2.9,18
2024/9/21,ìy,22680500,22979,4774293,4837,13292,13119388,0.2105,5.6,5.85,88.52,6141,0.9539,1.7422,1.729,0.364,8.52,0.3354,19574,987,2024,ìy,28.5,33.2,24.2,6.3,1008.7,4.9,êº,2.2,0
2024/9/22,ì˙,22124500,22416,1850634,1875,13807,13627497,0.0836,5.64,5.9,88.58,6568,1.0096,1.8663,1.624,0.136,10.34,0.3992,23175,987,2024,ì˙,26.4,29.7,24.5,0,1006.3,6.7,ìÏìÏêº,2.2,118
2024/9/23,åé,21392200,21674,4105766,4160,12888,12720865,0.1919,5.61,5.84,88.84,6119,0.9743,1.7368,1.682,0.323,9.17,0.3455,19883,987,2024,åé,24.2,27.6,20.9,0.3,1010.5,6,ñkìå,3.1,2
2024/9/24,âŒ,12024400,12183,1916553,1942,7137,7044036,0.1594,5.62,5.86,88.95,3900,0.9735,1.7072,1.707,0.272,9.17,0.2736,11171,987,2024,âŒ,23.9,29.2,20.2,5.6,1011.5,6.8,ñkñkìå,3.6,65
2024/9/25,êÖ,14811200,15006,747635,757,8824,8709662,0.0505,5.59,5.82,88.57,4640,0.9938,1.7273,1.701,0.086,9.8,0.3181,14704,987,2024,êÖ,26.1,29.8,23.2,2.3,1011,8,ìå,4.5,12.5
2024/9/26,ñÿ,11903200,12060,1992819,2019,7365,7269597,0.1674,5.55,5.78,88.97,3853,0.9737,1.7461,1.637,0.274,9.15,0.2999,11034,987,2024,ñÿ,25,29.1,20.8,11.2,1009.6,7.1,ìåñkìå,3.2,0
2024/9/27,ã‡,11346100,11496,1431836,1451,6969,6878327,0.1262,5.53,5.76,87.98,3693,0.9667,1.6866,1.65,0.208,8.98,0.2888,10328,987,2024,ã‡,25.9,31.3,20.5,8.9,1007.9,5.6,ìå,2.8,0
2024/9/28,ìy,20091900,20357,2828626,2866,12099,11941950,0.1408,5.63,5.87,88.61,5953,1.0034,1.7635,1.682,0.237,10.11,0.3475,20583,987,2024,ìy,26.3,29.3,23.6,1.7,1011.3,5,ìåñkìå,2.4,0
2024/9/29,ì˙,20046100,20310,2314233,2345,12849,12681842,0.1154,5.6,5.85,88.26,6068,0.969,1.737,1.581,0.182,9.01,0.3414,18297,987,2024,ì˙,25.3,29.8,22.8,4.9,1014.3,7.7,ìå,2.4,0
2024/9/30,åé,11454100,11605,1758155,1781,7141,7048437,0.1535,5.59,5.84,88.07,3673,0.9559,1.7583,1.625,0.249,8.58,0.2948,9961,987,2024,åé,25,29.3,21.8,5,1012.6,6.3,ñkìå,2.7,9.5
2024/10/1,âŒ,13466500,13644,3662757,3711,7169,7075400,0.272,5.59,5.84,88.37,3784,0.9206,1.6498,1.903,0.518,7.65,0.2634,10439,987,2024,âŒ,26.3,33.3,21.2,10.8,1008.9,5.6,êº,2.8,0
2024/10/2,êÖ,13486100,13664,1957524,1983,7838,7736171,0.1452,5.64,5.88,88.44,4114,0.9691,1.6946,1.743,0.253,9.03,0.311,12343,987,2024,êÖ,24.1,29,21.4,1.1,1009.3,6.4,ñkìå,2.5,18.5
2024/10/3,ñÿ,11947900,12105,2248082,2278,7652,7552843,0.1882,5.59,5.82,87.95,3879,0.9682,1.755,1.582,0.298,8.95,0.2796,10835,987,2024,ñÿ,23.5,26.5,20.9,0.1,1012.7,3.8,ìåìÏìå,1.6,14
2024/10/4,ã‡,14591300,14783,1524079,1544,8905,8788974,0.1045,5.62,5.86,87.9,4455,0.9808,1.7174,1.66,0.173,9.38,0.3151,13873,987,2024,ã‡,21.9,23.7,20.4,0,1017.1,5.7,ñkìå,1.9,20
2024/10/5,ìy,22270500,22564,2695399,2731,13561,13385057,0.121,5.62,5.88,88.8,6391,0.9882,1.7953,1.664,0.201,9.61,0.3789,21673,987,2024,ìy,23,26.5,19.7,0.1,1017.5,4.2,ìåñkìå,2.1,2.5
2024/10/6,ì˙,20632700,20904,2028479,2055,12992,12823494,0.0983,5.63,5.86,88.08,5993,0.955,1.7813,1.609,0.158,8.53,0.3222,17821,987,2024,ì˙,24.8,29.2,22.8,2.7,1015.6,4.2,ìå,1.9,4
2024/10/7,åé,15802000,16010,1172993,1188,10149,10016896,0.0742,5.59,5.85,88.68,5120,0.9934,1.7128,1.578,0.117,9.79,0.3435,15675,987,2024,åé,25.1,28.8,22.4,3.6,1011.3,4.7,êºñkêº,2.2,5.5
2024/10/8,âŒ,20125600,20474,4506855,4585,12466,12253953,0.2239,5.63,5.88,88.68,5777,0.9592,1.6971,1.642,0.368,8.74,0.3184,17902,983,2024,âŒ,23.4,27.9,20.4,2.2,1008.7,6,ìåìÏìå,2.4,10
2024/10/10,ñÿ,14196200,14442,2179976,2218,8476,8331724,0.1536,5.61,5.87,88.56,4267,0.9586,1.6777,1.704,0.262,8.71,0.292,12574,983,2024,ñÿ,21.7,26.9,16.7,11,1009.9,4.7,ìå,2.5,0
2024/10/11,ã‡,12833100,13055,2472316,2515,7700,7569406,0.1927,5.62,5.83,88.54,3789,0.9441,1.6889,1.695,0.327,8.25,0.2767,10767,983,2024,ã‡,21.6,26.8,18.1,7.8,1013.8,4.6,ìå,2.4,0
2024/10/12,ìy,18932800,19260,3880124,3947,11573,11376706,0.2049,5.66,5.91,88.99,5381,0.9656,1.7291,1.664,0.341,8.9,0.3357,17138,983,2024,ìy,21,26.8,15.9,10.3,1018.5,5,ìå,2.7,0
2024/10/13,ì˙,19461600,19798,2167338,2205,12256,12047982,0.1114,5.64,5.88,88.69,5788,0.99,1.8339,1.615,0.18,9.66,0.3377,19119,983,2024,ì˙,21.5,27.4,15.4,10.9,1019.4,6.1,ñkìå,3.3,9
2024/10/14,åé,21846400,22224,2743180,2791,12975,12754444,0.1256,5.64,5.88,88.74,5979,0.9911,1.7747,1.713,0.215,9.7,0.3561,21558,983,2024,åé,23.2,29.2,20,3.3,1018.1,6.9,ìåìÏìå,3.2,77
2024/10/15,âŒ,19460300,19797,2233903,2273,10961,10774803,0.1148,5.58,5.82,88.44,4531,0.9637,1.7989,1.806,0.207,8.7,0.3143,17221,983,2024,âŒ,24.3,28.2,21.2,1.3,1017,6.3,ìå,2.7,1.5
2024/10/16,êÖ,11960000,12167,691296,703,7902,7768049,0.0578,5.57,5.81,88.21,3914,1.0119,1.7896,1.54,0.089,10.41,0.3062,12665,983,2024,êÖ,23.8,25.5,22.5,0,1017.2,4.3,ñkìå,1.7,3.5
2024/10/17,ñÿ,12262400,12474,2733805,2781,7430,7303494,0.2229,5.59,5.81,88.11,3786,0.9734,1.6961,1.679,0.374,9.16,0.2737,11422,983,2024,ñÿ,23.4,27.1,21.8,0.2,1018.1,6.7,ñkìå,3,8
2024/10/18,ã‡,13309700,13540,2894671,2945,8362,8220177,0.2175,5.54,5.79,89.11,4135,0.9455,1.7047,1.619,0.352,8.31,0.2879,11256,983,2024,ã‡,24.2,28.6,21.8,1.8,1016.5,4.2,ìå,1.8,2.5
2024/10/19,ìy,21161300,21527,4237485,4311,13281,13055400,0.2002,5.56,5.8,88.96,6030,0.9449,1.7346,1.621,0.325,8.24,0.3357,17746,983,2024,ìy,24.4,30.5,20.9,4.7,1013.3,5.9,êºìÏêº,2.3,1.5
2024/10/20,ì˙,21989400,22370,2803424,2852,13576,13345537,0.1275,5.57,5.82,89.4,6382,0.9829,1.806,1.648,0.21,9.43,0.352,21086,983,2024,ì˙,21.3,23.8,19.5,4.7,1020.2,8.5,ìåñkìå,4.8,0
2024/10/21,åé,21178300,21545,2886143,2936,12686,12470302,0.1363,5.57,5.79,88.48,5710,0.9644,1.7443,1.698,0.231,8.82,0.3662,19008,983,2024,åé,22.2,25,19.3,0,1020.7,8,ìå,4.3,86
2024/10/23,êÖ,14892600,15150,2692090,2739,8526,8381476,0.1808,5.55,5.79,88.03,4165,0.9355,1.7166,1.777,0.321,7.94,0.3032,12024,983,2024,êÖ,24.5,29.6,20.9,4.4,1011.8,6.3,êº,2.9,0
2024/10/24,ñÿ,16061200,16339,3136740,3191,10117,9944783,0.1953,5.63,5.87,88.3,4837,0.9642,1.726,1.615,0.315,8.86,0.3072,14469,983,2024,ñÿ,19.8,21.5,17.6,0,1015.6,3.9,êºñkêº,1.3,7.5
2024/10/25,ã‡,16196500,16477,617845,629,9736,9570281,0.0381,5.52,5.76,89.45,4910,0.9905,1.7351,1.692,0.065,9.69,0.3428,15965,983,2024,ã‡,20.7,23.8,17.8,0,1019.1,4,ñkìå,1.7,3.5
2024/10/26,ìy,22378600,22766,4066481,4137,13301,13074615,0.1817,5.56,5.8,88.37,6209,0.9646,1.7855,1.712,0.311,8.82,0.3489,20091,983,2024,ìy,22.1,24.7,20.2,0,1016.7,4.5,ñkìå,2.1,7.5
2024/10/27,ì˙,25982900,26432,2247746,2287,15648,15382055,0.0865,5.67,5.94,88.74,6866,0.9737,1.7954,1.689,0.146,9.1,0.3632,24049,983,2024,ì˙,23.1,26.4,20.8,0.3,1010.3,4.7,ñkìå,1.8,0.5
2024/10/28,åé,16121900,16401,2067083,2103,9035,8881784,0.1282,5.59,5.82,88.67,4442,0.9923,1.753,1.815,0.233,9.74,0.3377,15973,983,2024,åé,21.5,23.5,20.1,0.3,1008.1,4.7,ñkìå,1.7,3
2024/10/29,âŒ,12044600,12253,1344515,1368,6776,6660608,0.1116,5.59,5.84,88.57,3478,0.9695,1.641,1.808,0.202,9.05,0.2838,11087,983,2024,âŒ,20.3,21.8,18.8,0,1012.4,2.8,ñkìå,1.3,0.5
2024/10/30,êÖ,12183100,12394,1991547,2026,7088,6967245,0.1635,5.58,5.83,88.89,3698,0.986,1.7223,1.749,0.286,9.55,0.293,11833,983,2024,êÖ,21.3,25.2,17.5,6.7,1015.4,5.6,ìåñkìå,2.8,0
2024/10/31,ñÿ,12824100,13046,3242012,3298,7265,7141326,0.2528,5.53,5.79,88.05,3808,0.9443,1.6827,1.796,0.454,8.29,0.2553,10818,983,2024,ñÿ,19.7,23.8,15.9,0.6,1019.7,4.4,ñkìå,2.1,0
2024/11/1,ã‡,13791800,14030,2222747,2261,8253,8113060,0.1612,5.55,5.8,88.08,4016,0.9595,1.7134,1.7,0.274,8.7,0.3103,12213,983,2024,ã‡,21.8,25,19.2,0,1015.5,3.1,êºñkêº,1.4,0.5
2024/11/2,ìy,18697000,19020,636859,648,12015,11810609,0.0341,5.53,5.79,88.41,5864,0.9969,1.802,1.583,0.054,9.9,0.3601,18824,983,2024,ìy,24.2,31,19.8,2.8,1007.3,12,êºìÏêº,3.6,8
2024/11/3,ì˙,19118200,19449,3946724,4015,11712,11513229,0.2064,5.62,5.89,88.19,5414,0.9584,1.7515,1.661,0.343,8.63,0.3266,16790,983,2024,ì˙,19.9,25.2,15.2,10.4,1017,6.3,ìåñkìå,3,0
2024/11/4,åé,15649700,15920,1456016,1481,10237,10062915,0.093,5.58,5.84,88.43,4884,0.9758,1.806,1.555,0.145,9.18,0.3225,14619,983,2024,åé,19.6,25.7,14.1,3.1,1017.4,4.6,êºñkêº,2.6,0
2024/11/5,âŒ,19278700,19612,4136660,4208,11087,10898711,0.2146,5.58,5.81,88.01,5083,0.9506,1.7173,1.769,0.38,8.42,0.3154,16511,983,2024,âŒ,19.8,24.9,17.1,5,1014.6,5,êº,2.8,0
2024/11/7,ñÿ,17847400,18212,3433720,3504,12687,12433319,0.1924,5.6,5.85,88.54,5759,0.9656,1.7297,1.435,0.276,8.92,0.3245,16250,980,2024,ñÿ,15,21.5,8.9,9.6,1024.3,6.8,ìåñkìå,3.2,0
2024/11/8,ã‡,11218300,11447,1016428,1037,7279,7132954,0.0906,5.54,5.78,88.74,3646,0.9905,1.7183,1.573,0.142,9.69,0.2908,11098,980,2024,ã‡,16,20.7,9.6,3.6,1024.4,5.6,ñkìå,2.8,0
2024/11/9,ìy,19437100,19834,2179115,2224,12654,12400637,0.1121,5.55,5.79,89.27,6234,1.0044,1.7777,1.567,0.176,10.14,0.3276,20119,980,2024,ìy,18.6,21.3,16.2,0,1022.4,3.4,ñkñkìå,1.7,0.5
2024/11/10,ì˙,20505300,20924,4544241,4637,12851,12593559,0.2216,5.53,5.77,88.75,5912,0.9469,1.7344,1.628,0.361,8.31,0.3357,17396,980,2024,ì˙,18.5,20.5,17.3,0,1018.9,4,ñkìå,1.6,34.5
2024/11/11,åé,16492300,16829,3449584,3520,9250,9065341,0.2092,5.53,5.76,88.52,4276,0.959,1.7533,1.819,0.381,8.62,0.2857,14506,980,2024,åé,20.1,23.8,17.3,4.9,1014.9,4.3,ìåñkìå,2.1,5.5
2024/11/12,âŒ,12029200,12275,1135675,1159,7280,7134874,0.0944,5.51,5.76,89.34,3613,0.9487,1.7254,1.686,0.159,8.34,0.2806,10236,980,2024,âŒ,21,26.4,18,6.7,1014.3,4.7,ñkìå,2.2,0
2024/11/13,êÖ,11352200,11584,1040693,1062,6905,6767347,0.0917,5.51,5.76,88.96,3798,0.9953,1.7091,1.677,0.154,9.85,0.3133,11411,980,2024,êÖ,18.8,23.6,14.9,8.4,1017.1,4.7,ìåñkìå,2,0
2024/11/14,ñÿ,10791400,11012,2614253,2668,6483,6353007,0.2423,5.47,5.71,89.06,3314,0.9441,1.607,1.699,0.411,8.33,0.2755,9171,980,2024,ñÿ,19,23.8,14.9,1.4,1018,3.7,ìåñkìå,2.2,0
2024/11/15,ã‡,18034500,18403,1330855,1358,10582,10370667,0.0738,5.62,5.87,88.85,4598,0.9877,1.803,1.739,0.128,9.56,0.3592,17588,980,2024,ã‡,20.4,22.9,18.7,0,1015,4.5,ñkìå,2.2,4
2024/11/16,ìy,20433400,20850,3245119,3311,12905,12646441,0.1588,5.6,5.85,88.65,5857,0.956,1.7656,1.616,0.257,8.55,0.3367,17831,980,2024,ìy,20.2,21.3,19.2,0,1013.8,3.9,ñkìå,1.6,17.5
2024/11/17,ì˙,18319100,18693,1771434,1808,12092,11849897,0.0967,5.57,5.84,88.61,5446,0.9713,1.7742,1.546,0.149,9.04,0.3408,16892,980,2024,ì˙,20.4,25.5,17.4,4.8,1012.7,4.5,ìå,2.2,0
2024/11/18,åé,12199100,12448,2349178,2397,7228,7083444,0.1926,5.56,5.79,88.51,3488,0.9453,1.7117,1.722,0.332,8.23,0.3092,10245,980,2024,åé,17.4,22.4,13.4,9.9,1018.7,7.2,ñkñkìå,3.5,0
2024/11/19,âŒ,20474800,20893,2441972,2492,12562,12311126,0.1193,5.59,5.86,88.85,5786,0.9702,1.7373,1.663,0.198,9.05,0.351,18915,980,2024,âŒ,14.2,17.2,12.1,4.2,1023.4,5.5,ñkìå,2.6,0
2024/11/21,ñÿ,14110400,14398,2334320,2382,8010,7849322,0.1654,5.56,5.8,88.38,3932,0.9492,1.6645,1.798,0.297,8.37,0.2878,12055,980,2024,ñÿ,14.7,19.9,10.9,0.9,1016.3,3.8,ñkêº,2.2,0
2024/11/22,ã‡,12137100,12385,2522093,2574,6929,6790297,0.2078,5.58,5.84,89.67,3487,0.9872,1.7835,1.787,0.371,9.56,0.3031,11839,980,2024,ã‡,14.2,20.4,9,9.7,1016.8,5.8,êº,2.8,0
2024/11/23,ìy,20221800,20634,2425118,2475,12171,11927105,0.1199,5.65,5.91,89.09,5713,0.9911,1.7997,1.695,0.203,9.7,0.3643,20012,980,2024,ìy,11.8,18.5,7,7.6,1021,5.6,ìåñkìå,2.7,0
2024/11/24,ì˙,19582500,19982,2580333,2633,11422,11193341,0.1318,5.6,5.85,88.81,5418,0.9807,1.755,1.749,0.231,9.36,0.3398,18694,980,2024,ì˙,10.8,17.3,6.3,9.2,1025.1,5.3,ñkìå,2.6,0
2024/11/25,åé,14544400,14841,2955121,3015,8344,8176638,0.2032,5.61,5.86,89.1,3895,0.9569,1.8132,1.779,0.361,8.51,0.2929,12632,980,2024,åé,11.5,17.7,4.8,9.2,1024.9,4.7,ñkìå,2.6,0
2024/11/26,âŒ,12366900,12619,1133939,1157,7179,7035155,0.0917,5.53,5.79,88.63,3265,0.934,1.7367,1.758,0.161,7.8,0.2704,9846,980,2024,âŒ,13.8,18.5,10.7,0.2,1013.9,7,êº,3.2,12.5
2024/11/27,êÖ,11825300,12067,1693318,1728,6832,6695137,0.1432,5.52,5.76,88.83,3361,0.975,1.7321,1.766,0.253,9.16,0.2949,11056,980,2024,êÖ,12.5,18.2,7.6,5.3,1012.8,9.6,êºñkêº,4.5,0
2024/11/28,ñÿ,12039600,12285,1714134,1749,6925,6786247,0.1424,5.46,5.69,88.68,3373,0.9627,1.8085,1.774,0.253,8.72,0.2888,10716,980,2024,ñÿ,11.5,15.8,8.6,5.1,1012.5,9.1,êº,3.7,0
2024/11/29,ã‡,12590400,12847,1390193,1419,7521,7370312,0.1104,5.6,5.84,88.47,3801,0.9614,1.7439,1.708,0.189,8.73,0.3133,11217,980,2024,ã‡,11,15.2,8.8,6.8,1010.5,8.2,êº,4,0
2024/11/30,ìy,16211500,16542,3426048,3496,9981,9781211,0.2113,5.59,5.83,88.62,4973,0.9796,1.7294,1.657,0.35,9.34,0.3184,15450,980,2024,ìy,11.9,18,5.2,8.3,1013.2,7.7,êºñkêº,3.8,0
2024/12/1,ì˙,19243800,19637,2550504,2603,11717,11482252,0.1325,5.64,5.91,88.22,5329,0.9551,1.7761,1.676,0.222,8.49,0.3367,16678,980,2024,ì˙,11,16.8,5.1,8.9,1016,4.5,êº,2.5,0
2024/12/2,åé,15620000,15939,3266166,3333,9668,9474586,0.2091,5.56,5.8,88.15,4534,0.9681,1.7129,1.649,0.345,8.98,0.3245,14311,980,2024,åé,14,21.6,8.3,9.2,1016.6,4.3,êºñkêº,2.5,0
2024/12/4,êÖ,15030500,15182,2374237,2398,9173,9081460,0.158,5.71,5.97,88.63,4357,0.9676,1.7305,1.655,0.261,8.96,0.304,13599,990,2024,êÖ,12.3,18.1,8.3,9.6,1015.4,5.2,êº,3,0
2024/12/5,ñÿ,16396600,16562,2945178,2975,8869,8780128,0.1796,5.73,6.03,88.45,4330,0.9754,1.7178,1.867,0.335,9.2,0.3111,15238,990,2024,ñÿ,11.1,16.8,6.5,8.5,1015.1,7.9,êºñkêº,4.2,0
2024/12/6,ã‡,11174700,11288,1274642,1288,6675,6608567,0.1141,5.66,5.95,88.6,3353,1.0016,1.7719,1.691,0.193,10.05,0.3,11349,990,2024,ã‡,10.5,16.9,4.4,4.5,1017.2,6.4,êºìÏêº,2.4,0
2024/12/7,ìy,17072300,17245,812971,821,10718,10611001,0.0476,5.64,5.94,88.78,5191,1.009,1.8497,1.609,0.077,10.32,0.3667,17791,990,2024,ìy,10.7,16,6.4,3,1018.5,6.1,êºìÏêº,3.1,0
2024/12/8,ì˙,20949600,21161,3316645,3350,12494,12369185,0.1583,5.63,5.9,88.38,5525,0.9638,1.7845,1.694,0.268,8.77,0.3273,18565,990,2024,ì˙,9.6,14.3,4.3,9.3,1018.5,8.3,êºñkêº,3.5,0
2024/12/9,åé,11894100,12014,2818235,2847,6505,6439692,0.2369,5.66,5.9,88.5,3320,0.9728,1.7194,1.847,0.438,9.11,0.2798,10948,990,2024,åé,7.4,14.6,1.1,9.7,1020.6,4.2,êºñkêº,2.3,0
2024/12/10,âŒ,15349800,15505,2141509,2163,8463,8378818,0.1395,5.64,5.91,88.93,4396,0.9961,1.7329,1.832,0.256,9.87,0.3131,15309,990,2024,âŒ,8.7,16.4,2.1,9.6,1018.6,4.1,êº,2.4,0
2024/12/11,êÖ,15177500,15331,1339896,1353,8228,8145454,0.0883,5.62,5.9,88.87,4154,0.9895,1.7245,1.863,0.164,9.66,0.3293,14804,990,2024,êÖ,9.8,15.5,5.3,4.2,1016,5.1,ñkêº,2.7,0
2024/12/12,ñÿ,15982100,16144,2293009,2316,8724,8636993,0.1435,5.64,5.89,88.65,4167,0.9386,1.7044,1.85,0.265,8.02,0.301,12954,990,2024,ñÿ,10.6,18.2,4.1,9.1,1017.6,4.3,ìå,2.5,0
2024/12/13,ã‡,14544300,14691,2086471,2108,8526,8440734,0.1435,5.66,5.92,88.22,4045,0.9527,1.7223,1.723,0.247,8.47,0.3141,12450,990,2024,ã‡,10,16.3,5.8,5.2,1015.8,8.3,êº,4.2,0
2024/12/14,ìy,21427400,21644,1845537,1864,12899,12769636,0.0861,5.61,5.88,88.56,6290,1.0088,1.7254,1.678,0.145,10.29,0.3354,22267,990,2024,ìy,8,12.9,3.7,9.4,1018.9,7.8,êºñkêº,3.9,0
2024/12/15,ì˙,28340900,28627,499197,504,17334,17160458,0.0176,5.78,6.06,88.92,7216,0.9863,1.9034,1.652,0.029,9.49,0.3818,27178,990,2024,ì˙,7.7,14.1,2.4,8.8,1019.5,7.9,êº,3.3,0
2024/12/16,åé,22848400,23126,5661490,5730,13559,13396095,0.2478,5.71,5.99,88.93,6172,0.9708,1.6947,1.706,0.423,9.1,0.3239,21038,988,2024,åé,8.5,14.6,4,8.8,1018.9,8,êº,3.3,0
2024/12/17,âŒ,21067900,21324,3518531,3561,11962,11818098,0.167,5.7,5.97,88.84,5490,0.96,1.7239,1.783,0.298,8.72,0.3381,18586,988,2024,âŒ,8.2,14.8,2.6,4.1,1020.7,5.8,êº,2.6,0
2024/12/19,ñÿ,16301700,16500,2562157,2593,9163,9053068,0.1572,5.72,5.97,88.69,4785,0.9944,1.7124,1.801,0.283,9.82,0.3138,16206,988,2024,ñÿ,7.1,14,1.7,9.6,1021,6.7,ñkìå,2.9,0
2024/12/20,ã‡,14014800,14185,3309636,3350,7877,7782574,0.2362,5.65,5.92,88.42,3951,0.9529,1.7183,1.801,0.425,8.5,0.2814,12054,988,2024,ã‡,7.8,14,1.4,6.7,1021,5.2,ñkêº,2.7,0
2024/12/21,ìy,21509100,21770,-1430456,-1448,12846,12691554,-0.0665,5.74,6.02,89.26,6162,1.0299,1.7935,1.695,-0.113,11.04,0.3816,24028,988,2024,ìy,11.6,18,8.1,6.6,1014,10.2,êº,4.9,0
2024/12/22,ì˙,21628800,21891,2200072,2227,12845,12690518,0.1017,5.73,6.02,89.15,6247,0.9922,1.7291,1.704,0.173,9.75,0.3836,21339,988,2024,ì˙,7.6,12.3,2.8,9.4,1018.1,8.1,êº,4.5,0
2024/12/23,åé,12427700,12579,1428861,1446,7034,6949894,0.115,5.63,5.89,88.99,3553,0.994,1.7129,1.788,0.206,9.8,0.2915,12331,988,2024,åé,6.3,13.4,-0.1,7.3,1021.6,5,êºñkêº,2.8,0
2024/12/24,âŒ,11434600,11573,2915865,2951,6517,6438664,0.255,5.68,5.96,88.71,3277,0.94,1.708,1.776,0.453,8.11,0.2723,9385,988,2024,âŒ,8.1,14.8,2.3,9.7,1023.4,5.4,êº,2.9,0
2024/12/25,êÖ,15809000,16001,1661963,1682,8387,8285918,0.1051,5.66,5.93,89.52,4150,0.9606,1.6984,1.908,0.201,8.71,0.2955,13942,988,2024,êÖ,8.8,15.5,1.5,7.2,1024.4,8.6,êº,3.3,0
2024/12/26,ñÿ,14239800,14413,2514423,2545,8167,8068813,0.1766,5.65,5.95,89.01,3999,0.9419,1.7146,1.765,0.312,8.16,0.2864,11755,988,2024,ñÿ,11.8,16.1,8.5,5.3,1019.2,8.4,êº,4.7,0
2024/12/27,ã‡,15600400,15790,820769,831,8887,8780297,0.0526,5.65,5.96,89.14,4662,1.0177,1.7245,1.777,0.093,10.59,0.3249,16714,988,2024,ã‡,8.8,12.2,5.8,4.4,1019.4,11.6,êº,6,0
2024/12/28,ìy,20997500,21253,1467507,1485,11511,11372817,0.0699,5.69,5.97,88.82,5714,0.9774,1.7008,1.846,0.129,9.28,0.3502,19722,988,2024,ìy,6.7,10.6,1.9,7.3,1019,9.1,êºñkêº,4.5,0
2024/12/29,ì˙,35260000,35688,-1107654,-1121,21447,21189910,-0.0314,5.95,6.24,89.57,9452,1.026,1.8953,1.664,-0.052,10.92,0.4271,38980,988,2024,ì˙,5.9,13.4,-0.2,9.6,1023.3,5.7,ìåñkìå,2.5,0
2024/12/30,åé,23923900,24214,3163367,3202,13451,13289136,0.1322,5.82,6.1,89.19,6448,0.9746,1.7504,1.8,0.238,9.18,0.3623,22235,988,2024,åé,8.3,16.5,1.4,5.4,1021.2,5.5,êº,2.7,0
2024/12/31,âŒ,14625800,14803,1043475,1056,8295,8195423,0.0713,5.71,5.98,89.79,4683,1.001,1.7357,1.785,0.127,10.03,0.3421,14852,988,2025,âŒ,11.3,16.6,4.8,8.3,1013.7,9.6,êº,4.2,0
2025/1/1,êÖ,20274400,20521,1212406,1227,11847,11704909,0.0598,5.66,5.92,89.52,5870,1.0161,1.8135,1.732,0.104,10.55,0.3472,21653,988,2025,êÖ,6.3,13.6,0.2,9.8,1019.5,4.7,ñkêº,2.7,0
2025/1/2,ñÿ,23380100,23664,3545701,3589,14159,13988907,0.1517,5.7,5.96,89.18,6607,0.9735,1.7585,1.671,0.253,9.14,0.3796,21630,988,2025,ñÿ,7.7,14.7,2,9.6,1019,5.1,êºñkêº,2.8,0
2025/1/3,ã‡,23971000,24262,2615784,2648,14106,13936853,0.1091,5.65,5.91,88.81,6528,0.9755,1.7509,1.72,0.188,9.21,0.3755,22333,988,2025,ã‡,8,15.3,2.6,9.7,1018.9,8,êº,3.8,0
2025/1/4,ìy,28313000,28657,2287683,2315,16896,16692816,0.0808,5.73,6,89.04,7566,0.9878,1.7952,1.696,0.137,9.59,0.3785,27496,988,2025,ìy,5.3,12.7,-1.8,9.7,1023.3,6.4,êº,3,0
2025/1/5,ì˙,26518700,26841,3109725,3147,15352,15167952,0.1173,5.75,6.02,88.83,6774,0.9758,1.7971,1.748,0.205,9.17,0.3451,24616,988,2025,ì˙,7.3,14.2,0.4,7.1,1021.7,5.1,ñkêº,2.9,0
2025/1/6,åé,13829800,13998,3423140,3465,8049,7952832,0.2475,5.72,5.98,88.87,3970,0.9425,1.7069,1.739,0.43,8.18,0.2783,11447,988,2025,åé,11.1,16.5,7.3,5.5,1012.1,9.8,êº,4,12
2025/1/8,êÖ,24788600,25090,4956633,5017,14610,14434814,0.2,5.66,5.93,88.29,6715,0.95,1.6368,1.717,0.343,8.52,0.3694,21389,988,2025,êÖ,7.1,13.5,2.5,6.3,1018.3,6.8,êºñkêº,2.9,0
2025/1/9,ñÿ,15855300,16048,395061,400,9996,9875941,0.0249,5.67,5.94,91.17,5136,1.0202,1.7095,1.605,0.04,10.63,0.337,17064,988,2025,ñÿ,6.4,10.6,2.8,6.3,1017.1,10.2,êºñkêº,4.6,0
2025/1/10,ã‡,15049000,15232,944481,956,8865,8758164,0.0628,5.65,5.92,88.8,4778,1.0106,1.6954,1.718,0.108,10.33,0.3462,15737,988,2025,ã‡,3.2,8.2,-0.2,9.2,1024.2,7.3,êºñkêº,4.2,0
2025/1/11,ìy,24769700,25071,1232448,1247,14593,14417703,0.0498,5.66,5.94,89.3,6656,0.9828,1.7961,1.718,0.085,9.42,0.3978,23621,988,2025,ìy,4.7,10.5,-2.1,7.1,1025,7.3,êºñkêº,3.1,0
2025/1/12,ì˙,24050800,24343,3409410,3451,14489,14314958,0.1418,5.67,5.95,88.76,6884,0.9815,1.7329,1.68,0.238,9.4,0.3927,22886,988,2025,ì˙,5.8,11.9,2.7,5.9,1019.8,7.8,êº,4,0
2025/1/13,åé,21917500,22184,3930779,3979,12651,12499204,0.1793,5.66,5.93,88.85,6193,0.9911,1.7244,1.754,0.314,9.71,0.3603,21551,988,2025,åé,6.4,13,-0.5,9.8,1023.5,8.3,êº,3.4,0
2025/1/14,âŒ,13073700,13232,1073293,1086,7974,7878465,0.0821,5.67,5.93,88.36,4116,0.9906,1.746,1.659,0.136,9.7,0.3168,12829,988,2025,âŒ,8.3,16.2,1.5,9.2,1023.8,6,êºñkêº,2.9,0
2025/1/15,êÖ,21432900,21693,-1021356,-1034,11418,11280649,-0.0477,5.76,6.04,89.13,5381,0.9942,1.7477,1.9,-0.091,9.8,0.3634,21268,988,2025,êÖ,8.3,13.5,2.6,4.2,1020.3,10.3,êºñkêº,4.6,0
2025/1/16,ñÿ,12494100,12646,1621592,1641,7606,7514925,0.1298,5.71,5.97,88.73,3918,0.9762,1.7187,1.663,0.216,9.24,0.2854,11685,988,2025,ñÿ,4.3,10.2,-2,9.8,1022.1,9.1,êºìÏêº,3.6,0
2025/1/17,ã‡,14220200,14393,-71634,-73,8603,8499427,-0.005,5.67,5.95,88.61,4724,1.0315,1.7291,1.673,-0.008,11.01,0.3472,15848,988,2025,ã‡,6,14.1,-1.3,9.9,1021.9,5.3,êº,2.6,0
2025/1/18,ìy,24600600,24899,5348295,5413,14116,13946543,0.2174,5.65,5.92,88.48,6491,0.9516,1.6976,1.764,0.383,8.5,0.337,21156,988,2025,ìy,6.6,13.7,0.2,8,1021.7,3.8,êºñkêº,2.6,0
2025/1/19,ì˙,23961100,24252,1056742,1070,14712,14535491,0.0441,5.72,5.98,88.98,7088,1.0135,1.8229,1.648,0.073,10.46,0.3735,25361,988,2025,ì˙,10,17,5.2,7.3,1015.5,4.2,ìåìÏìå,2.6,0
2025/1/20,åé,15527700,15716,1649078,1669,9308,9195869,0.1062,5.68,5.94,88.7,4489,0.9795,1.7879,1.689,0.179,9.31,0.3198,14629,988,2025,åé,10.2,17.1,3.9,9.9,1012.9,6.1,êºìÏêº,3.2,0
2025/1/21,âŒ,18404900,18628,1777261,1799,11127,10993173,0.0966,5.67,5.93,88.39,5253,0.9883,1.7406,1.674,0.162,9.62,0.3553,17925,988,2025,âŒ,9.2,15.8,4.8,9.7,1017.1,5.3,êº,2.7,0
2025/1/23,ñÿ,17474500,17651,3162063,3194,10427,10322991,0.181,5.61,5.88,88.48,4996,0.9577,1.7401,1.693,0.306,8.66,0.3071,15293,990,2025,ñÿ,10.8,17,5.2,3.6,1020.4,5.5,ñkêº,2.6,0
2025/1/24,ã‡,17411800,17588,3814031,3853,9614,9517684,0.219,5.62,5.89,88.44,4653,0.9657,1.7309,1.829,0.401,8.89,0.304,15637,990,2025,ã‡,11.3,16.5,7.7,1.4,1018.9,4,ìåñkìå,2.3,0
2025/1/25,ìy,26314700,26581,584866,591,15787,15628741,0.0222,5.62,5.91,88.63,7322,1.017,1.8409,1.684,0.037,10.61,0.3727,28189,990,2025,ìy,10.4,14.9,6.7,4.3,1018.2,9.3,ñkìå,4.8,0
2025/1/26,ì˙,26754500,27025,5158774,5211,15356,15202625,0.1928,5.61,5.88,88.58,7034,0.9565,1.7639,1.76,0.339,8.6,0.3455,23238,990,2025,ì˙,9.1,12.7,2.4,9.8,1018.9,8.8,ñkìå,4,0
2025/1/27,åé,15443700,15600,738206,746,9515,9419374,0.0478,5.59,5.87,88.85,4788,1.01,1.7712,1.64,0.078,10.34,0.3354,16125,990,2025,åé,8.1,12.2,4.9,2.6,1013.1,7.6,êº,3.4,5
2025/1/28,âŒ,13657800,13796,1755275,1773,8011,7931037,0.1285,5.63,5.88,88.46,4102,0.9869,1.7484,1.722,0.221,9.57,0.299,13202,990,2025,âŒ,6.6,11.3,2.3,8.2,1015.8,10.2,êºñkêº,5.6,0
2025/1/29,êÖ,14559400,14706,1744303,1762,8551,8465327,0.1198,5.64,5.89,88.76,4056,0.9682,1.8155,1.72,0.206,8.92,0.2879,13113,990,2025,êÖ,6.5,11.2,4,9.3,1019.8,10,êº,5.9,0
2025/1/30,ñÿ,13450300,13586,597630,604,8266,8183762,0.0444,5.61,5.86,88.39,4024,0.994,1.7943,1.644,0.073,9.79,0.3414,13304,990,2025,ñÿ,6.4,13,1.5,10.3,1023.9,5.9,êº,3,0
2025/1/31,ã‡,14588100,14735,786330,794,9097,9006050,0.0539,5.61,5.89,88.52,4488,0.9875,1.7776,1.62,0.087,9.59,0.3182,14125,990,2025,ã‡,6.8,13.2,0.2,9.8,1024.6,5.4,êºñkêº,3.1,0
2025/2/1,ìy,23844700,24086,2902833,2932,14134,13992496,0.1217,5.63,5.9,88.72,6503,0.9823,1.7997,1.704,0.207,9.4,0.3616,22640,990,2025,ìy,9.7,13.8,5.9,0,1014.8,5.1,ñkñkìå,2.3,66
2025/2/2,ì˙,23259400,23494,4172142,4214,14019,13879246,0.1794,5.62,5.9,88.77,6465,0.9554,1.7306,1.676,0.301,8.59,0.3323,20170,990,2025,ì˙,11.9,14.3,9.6,0.3,1010.2,7.6,ñkìå,2.3,0
2025/2/3,åé,26140400,26404,1716115,1733,14778,14629999,0.0656,5.66,5.92,88.92,6694,0.9899,1.7427,1.787,0.117,9.67,0.3737,25545,990,2025,åé,9.4,13.7,4.5,6.9,1011.1,11.1,êº,5.3,0
2025/2/5,êÖ,26667800,26937,3693105,3730,14554,14408178,0.1385,5.64,5.91,88.88,6781,0.9886,1.7374,1.851,0.256,9.63,0.3687,25938,990,2025,êÖ,3.4,7.3,0.5,9.3,1014.1,9.7,êºñkêº,5.8,0
2025/2/6,ñÿ,14533800,14681,196056,198,9059,8968148,0.0135,5.56,5.83,88.9,4526,0.9891,1.6951,1.621,0.022,9.64,0.3263,14159,990,2025,ñÿ,4.3,9.3,1.1,10,1017.6,9.2,êºñkêº,4.8,0
2025/2/7,ã‡,14947400,15098,1940976,1961,8688,8601308,0.1299,5.56,5.82,88.98,4348,0.9946,1.727,1.738,0.226,9.82,0.2949,14833,990,2025,ã‡,3.9,9.4,-0.3,3.8,1015.7,12.6,êºñkêº,5.1,0.5
2025/2/8,ìy,26354200,26620,3423495,3458,14783,14635044,0.1299,5.6,5.87,90.31,6719,0.9854,1.7582,1.801,0.234,9.51,0.3778,25321,990,2025,ìy,2.5,7.4,-1.4,10.4,1020.7,9.5,êºñkêº,5.1,0
2025/2/9,ì˙,22189300,22413,1170893,1183,13625,13488947,0.0528,5.61,5.87,88.74,6204,0.9905,1.7967,1.645,0.087,9.67,0.3707,21682,990,2025,ì˙,3.4,10.3,-2.9,10.4,1022.2,7.7,êº,3.5,0
2025/2/10,åé,18069500,18252,3183142,3215,9380,9286500,0.1762,5.59,5.85,88.83,4610,0.9628,1.6821,1.946,0.343,8.83,0.2838,16110,990,2025,åé,5.3,11.9,-1.3,10.2,1022.2,7.3,êº,4.4,0
2025/2/11,âŒ,23778300,24018,2325633,2349,13652,13515727,0.0978,5.62,5.87,89.03,6074,0.9793,1.8033,1.759,0.172,9.29,0.3616,22304,990,2025,âŒ,5.6,11.8,0.5,10.2,1025.6,4.7,ñkêº,2.8,0
2025/2/12,êÖ,16360200,16525,1643312,1660,9108,9016545,0.1004,5.58,5.85,89.41,4590,0.983,1.7018,1.814,0.182,9.45,0.3404,15620,990,2025,êÖ,8.5,14.5,3.1,0,1016.2,11.1,êº,3.5,16.5
2025/2/13,ñÿ,14185800,14329,3349815,3384,7818,7739734,0.2361,5.6,5.85,88.06,3816,0.9236,1.6503,1.833,0.433,7.68,0.2525,11000,990,2025,ñÿ,8.7,13.9,3.7,0.8,1016,11.5,êº,4.6,0
2025/2/14,ã‡,17567600,17745,2297634,2321,10169,10067483,0.1308,5.52,5.76,88.74,4821,0.9863,1.7296,1.745,0.228,9.55,0.3384,16952,990,2025,ã‡,7.4,13.3,0.6,10.6,1018.8,5.8,ìåìÏìå,3.2,0
2025/2/15,ìy,30075400,30379,2792168,2820,17918,17739210,0.0928,5.61,5.9,88.59,7394,0.9671,1.7997,1.695,0.157,8.88,0.399,26966,990,2025,ìy,10.7,16.2,5.5,2.2,1016.6,3.9,ìÏìå,2.4,1.5
2025/2/16,ì˙,26725500,26995,3911642,3951,16875,16706210,0.1464,5.58,5.84,88.43,7207,0.9747,1.8146,1.6,0.234,9.14,0.3687,24678,990,2025,ì˙,10.4,15.6,8.1,2.6,1012.9,6.6,êº,2.4,12
2025/2/17,åé,13856800,13997,1785972,1804,8624,8537430,0.1289,5.53,5.79,88.53,4221,0.9704,1.7212,1.623,0.209,9.06,0.3091,12675,990,2025,åé,10,15.1,5.5,10.3,1015.4,10.3,êº,5.5,0
2025/2/18,âŒ,15083000,15235,1595347,1611,8903,8814040,0.1058,5.57,5.85,89,4419,0.9943,1.7647,1.711,0.181,9.81,0.3273,14947,990,2025,âŒ,7.4,12.9,3.4,10.1,1018.2,8.5,êº,5.1,0
2025/2/19,êÖ,18466700,18691,2907181,2942,10746,10617358,0.1574,5.57,5.84,88.64,5086,0.9678,1.7237,1.739,0.274,8.96,0.333,16753,988,2025,êÖ,6.5,12.3,2.7,10.8,1021.1,9.3,êº,5.2,0
2025/2/20,ñÿ,17597800,17848,2209615,2241,9934,9795129,0.1256,5.56,5.82,88.73,4564,0.9738,1.7801,1.797,0.226,9.11,0.3306,16256,986,2025,ñÿ,6,11.8,0.7,10.5,1023.5,5.8,ìåìÏìå,2.9,0
2025/2/21,ã‡,22721000,23044,1615598,1639,14037,13840764,0.0711,5.57,5.85,88.8,6580,0.9923,1.781,1.642,0.117,9.74,0.3651,22447,986,2025,ã‡,7.4,12.8,4.8,5.1,1023.3,5.8,êº,3.7,0
2025/2/22,ìy,23739700,24077,2979506,3022,14318,14117943,0.1255,5.53,5.8,88.57,6382,0.9814,1.7799,1.682,0.211,9.37,0.359,22563,986,2025,ìy,6.3,12.2,1.6,10.8,1025.6,8.4,êº,4.7,0
2025/2/23,ì˙,21556000,21862,3803927,3858,12623,12445878,0.1765,5.55,5.79,88.06,5848,0.9686,1.7598,1.732,0.306,8.97,0.3377,19616,986,2025,ì˙,5.9,12,2.9,5.2,1024.6,11.6,êº,4.7,0
2025/2/24,åé,17341900,17588,1212490,1230,9402,9270746,0.0699,5.58,5.83,88.88,4488,0.9849,1.7074,1.871,0.131,9.5,0.3327,16710,986,2025,åé,4.8,9.9,1,11,1026.1,9.1,êº,5.3,0
2025/2/25,âŒ,13531800,13724,1954373,1982,7579,7472878,0.1444,5.56,5.8,88.98,4062,0.9785,1.6496,1.811,0.262,9.35,0.2972,12833,986,2025,âŒ,7.1,15.6,-2.1,10.8,1026.2,7.6,êºìÏêº,3.7,0
2025/2/26,êÖ,14262300,14465,2951014,2993,8172,8058051,0.2069,5.59,5.83,89.04,4073,0.9612,1.7249,1.77,0.366,8.76,0.2941,12674,986,2025,êÖ,11.5,17.9,7.9,10.5,1021.7,7.5,êº),3.4,0
2025/2/27,ñÿ,12887300,13070,1344330,1363,7933,7821923,0.1043,5.59,5.85,88.83,3947,0.9916,1.723,1.648,0.172,9.72,0.3124,12710,986,2025,ñÿ,10.6,15.7,3.7,7.8,1021.6,5.9,êº,3,0.5
2025/2/28,ã‡,22747900,23071,3997074,4054,13325,13138238,0.1757,5.58,5.83,88.6,5828,0.967,1.7768,1.731,0.304,8.88,0.3438,20497,986,2025,ã‡,13.3,20.3,9.3,4.8,1018.8,4.3,ìå,1.9,5
2025/3/1,ìy,23347500,23679,4504800,4569,14008,13812188,0.1929,5.58,5.85,88.86,6290,0.9796,1.7824,1.69,0.326,9.31,0.3448,22054,986,2025,ìy,15.7,20.8,10.8,7.9,1018.5,5.9,ìåìÏìå,2.6,0
2025/3/2,ì˙,17215700,17460,1225623,1243,10130,9988067,0.0712,5.52,5.81,88.46,5028,1.0155,1.794,1.724,0.123,10.54,0.3509,18402,986,2025,ì˙,20.4,27.1,13.5,6.7,1014.2,7.6,êº,3.5,0
2025/3/3,åé,21461900,21767,5055243,5127,12603,12426439,0.2355,5.55,5.8,88.2,5490,0.9664,1.7186,1.727,0.407,8.9,0.3499,19376,986,2025,åé,16.9,23.7,10.2,0,1010,10.5,êº,4.1,3
2025/3/5,êÖ,21914500,22226,3719535,3772,12392,12218095,0.1697,5.57,5.83,88.56,5694,0.9537,1.6664,1.794,0.304,8.56,0.3428,19020,986,2025,êÖ,13.6,16.1,11.2,0.1,1012,4.4,ìåñkìå,2.2,2.5
2025/3/6,ñÿ,15566300,15868,1747257,1781,9333,9156020,0.1122,5.61,5.87,88.02,4365,0.9772,1.7208,1.7,0.191,9.25,0.316,14683,981,2025,ñÿ,10.3,13.8,6.5,2,1017.2,4,ìåìÏìå,1.9,0
2025/3/7,ã‡,22009800,22436,4220416,4302,13516,13258838,0.1918,5.56,5.82,88.69,6126,0.9774,1.7537,1.66,0.318,9.25,0.3374,20760,981,2025,ã‡,7.6,12.5,1.2,10.3,1023.6,6.4,ñkñkìå,3.1,0
2025/3/8,ìy,22651700,23090,2949842,3007,13528,13270965,0.1302,5.57,5.84,88.66,5927,0.9781,1.8337,1.707,0.222,9.23,0.3476,21305,981,2025,ìy,8.6,11,6.4,0,1023.3,3.4,êºñkêº,1.8,1
2025/3/9,ì˙,14074600,14347,1756903,1791,8619,8455706,0.1248,5.51,5.76,88.38,4034,0.971,1.7517,1.665,0.208,9.03,0.3048,12956,981,2025,ì˙,9.2,14.8,2.9,10.7,1025.7,7,ñkìå,3.2,0
2025/3/10,åé,17074300,17405,3351101,3416,9435,9255510,0.1963,5.54,5.78,88.3,4604,0.9577,1.6836,1.845,0.362,8.64,0.2966,15042,981,2025,åé,10.2,15.6,3.6,4.1,1025.2,4.2,ñkñkìå,2.5,2
2025/3/11,âŒ,13341900,13600,2364785,2411,7612,7467734,0.1772,5.55,5.81,88.49,3775,0.9711,1.688,1.787,0.317,9.08,0.3007,12346,981,2025,âŒ,13.2,15.5,10.8,0,1017.5,4.5,ñkìå,2.3,7
2025/3/12,êÖ,12735400,12982,2415247,2462,7567,7423544,0.1896,5.51,5.78,88.24,3718,0.9644,1.7069,1.716,0.325,8.84,0.3038,11473,981,2025,êÖ,16.3,22.2,12.4,4.9,1014.6,6,êºìÏêº,2.5,0
2025/3/13,ñÿ,13860000,14128,1927803,1965,8586,8422674,0.1391,5.51,5.77,88.04,4032,0.9801,1.7464,1.646,0.229,9.32,0.2987,13175,981,2025,ñÿ,14.4,17.6,11.1,0.4,1015.6,5.9,ñkìå,2.2,0
2025/3/14,ã‡,28420500,28971,2194452,2237,17545,17211403,0.0772,5.64,5.9,88.49,7111,0.9809,1.9023,1.651,0.127,9.3,0.3904,26934,981,2025,ã‡,13.6,16.6,10.8,0.1,1020.2,5,ìåñkìå,2.3,0
2025/3/15,ìy,25792300,26292,2011037,2050,15596,15299562,0.078,5.56,5.83,88.38,6841,0.9974,1.8903,1.686,0.131,9.9,0.3843,26038,981,2025,ìy,11.9,16.8,9.8,0,1014.3,9.2,ñkìå,3.9,35
2025/3/16,ì˙,13634700,13899,1068025,1089,8231,8074972,0.0783,5.5,5.75,88.24,3939,0.9608,1.695,1.689,0.132,8.74,0.3109,12145,981,2025,ì˙,12.1,17.8,7.1,7.1,1005.8,10.6,êº,5.1,7.5
2025/3/17,åé,14407900,14583,2876381,2911,8513,8410497,0.1996,5.79,6.04,88.35,4093,0.9621,1.7447,1.713,0.342,8.75,0.2996,12761,988,2025,åé,7.5,13.1,3.5,10.9,1012.8,12.4,ñkêº,6.6,0
2025/3/18,âŒ,14581400,14759,2364928,2394,8637,8533836,0.1622,5.71,5.96,88.77,4354,0.9892,1.7145,1.709,0.277,9.65,0.3036,14246,988,2025,âŒ,6.7,13.9,3.5,5.2,1014.3,11.5,êº,5.5,0.5
2025/3/19,êÖ,17734700,17950,1901014,1924,10518,10391631,0.1072,5.7,5.93,88.32,4952,0.9828,1.7536,1.707,0.183,9.42,0.3573,16910,988,2025,êÖ,7.5,12.7,3.4,7.6,1019.9,7.3,êº,3.5,0
2025/3/20,ñÿ,15389700,15608,1226952,1244,9046,8919605,0.0797,5.63,5.9,89.08,4533,1.004,1.7547,1.725,0.138,10.13,0.3316,15814,986,2025,ñÿ,9.6,16.2,3.8,11.5,1020.2,7,ìåìÏìå,3.1,0
2025/3/21,ã‡,18138900,18396,1823351,1849,11464,11303331,0.1005,5.64,5.91,88.64,5299,0.9839,1.7656,1.605,0.161,9.46,0.3398,17400,986,2025,ã‡,13.5,21.1,4.6,11.2,1017.4,10.4,êº,4.7,0
2025/3/22,ìy,20620900,20914,1577866,1600,12445,12270533,0.0765,5.7,5.96,88.58,6024,1.0156,1.7726,1.681,0.129,10.53,0.3509,22013,986,2025,ìy,18.1,25.1,10.1,11.5,1013.8,12,êº,6.4,0
2025/3/23,ì˙,12963000,13147,2772906,2812,7525,7420103,0.2139,5.68,5.91,88.08,3653,0.9247,1.6808,1.747,0.374,7.64,0.2718,10050,986,2025,ì˙,19.3,25.7,14.2,11.4,1012.6,11.9,êº,7.1,0
2025/3/24,åé,16102100,16331,3282118,3329,8388,8270731,0.2038,5.76,6,87.95,4104,0.9443,1.674,1.947,0.397,8.23,0.2921,13443,986,2025,åé,19,24.1,15,5.6,1009.5,8.9,êº,4.7,0
2025/3/25,âŒ,13407600,13598,1969762,1998,7535,7429568,0.1469,5.62,5.89,88.09,3826,0.9913,1.7368,1.805,0.265,9.71,0.3002,13208,986,2025,âŒ,20.5,28,12.6,10.3,1006.1,7.8,êºìÏêº,4.2,0
2025/3/26,êÖ,13714400,13909,2516212,2552,8046,7933760,0.1835,5.66,5.92,88.55,4040,0.967,1.7461,1.729,0.317,8.93,0.2972,12417,986,2025,êÖ,23.6,29.9,18.3,11,1007.1,11.5,êº,4.8,0
2025/3/27,ñÿ,11286900,11482,1202482,1223,6906,6788953,0.1065,5.63,5.89,88.6,3592,0.9597,1.6704,1.663,0.177,8.76,0.3011,10060,983,2025,ñÿ,19.8,22.6,18.2,0.2,1004,9.8,êºìÏêº,2.1,36
2025/3/28,ã‡,20303900,20655,2266896,2306,12372,12161472,0.1116,5.66,5.92,88.63,5734,0.9767,1.7644,1.67,0.186,9.24,0.3611,19077,983,2025,ã‡,17.5,21.6,11.9,2.6,1005.8,10.8,êº,6,0
2025/3/29,ìy,19857400,20201,2424539,2466,12123,11916974,0.1221,5.65,5.91,88.93,5677,0.9598,1.7241,1.666,0.203,8.69,0.352,17552,983,2025,ìy,11.8,16.5,8,6.8,1017,6.6,êºñkêº,3.1,4.5
2025/3/30,ì˙,14042700,14286,1452532,1478,7887,7752632,0.1034,5.62,5.87,88.86,3734,1.006,1.7806,1.811,0.187,10.21,0.2828,14589,983,2025,ì˙,10.2,13.4,8.2,5.1,1022,5.4,êº,3.1,0
2025/3/31,åé,15152900,15415,2959659,3011,8425,8281343,0.1953,5.64,5.88,88.13,4115,0.9672,1.6973,1.83,0.357,8.93,0.295,13763,983,2025,åé,8.8,12.6,6.3,4.7,1022.9,4.7,ìå,2.6,0
2025/4/1,âŒ,12020800,12229,3768432,3834,6674,6560518,0.3135,5.66,5.89,88.21,3326,0.9536,1.6701,1.832,0.574,8.55,0.2696,10450,983,2025,âŒ,9.3,12.5,6.1,0,1017.8,5.6,ñkìå,2.5,5.5
2025/4/2,êÖ,10927200,11116,806733,821,6809,6693520,0.0738,5.64,5.91,89.05,3709,0.9992,1.7031,1.633,0.121,9.97,0.2777,11086,983,2025,êÖ,12.5,16.8,9.7,0.7,1013.6,4.5,ìå,2.1,9
2025/4/3,ñÿ,11319500,11515,1270074,1292,6679,6565447,0.1122,5.64,5.9,88.41,3643,0.9949,1.6658,1.724,0.193,9.84,0.2574,11330,983,2025,ñÿ,12.9,18.3,8.7,9.8,1015,7,êºñkêº,3.6,0
2025/4/4,ã‡,20471500,20826,3076545,3130,12694,12477763,0.1503,5.66,5.91,88.46,5631,0.955,1.7482,1.641,0.247,8.49,0.3377,17682,983,2025,ã‡,12,17.4,6.3,11.5,1017.3,5.7,ìåìÏìå,3,0
2025/4/5,ìy,19467700,19804,3362227,3420,11810,11609506,0.1727,5.63,5.88,88.59,5340,0.9617,1.7637,1.677,0.29,8.73,0.353,17280,983,2025,ìy,13.2,18.5,8.5,2.8,1015.9,3.7,êºñkêº,2.1,0
2025/4/6,ì˙,16540900,16827,4519335,4597,9743,9577376,0.2732,5.61,5.87,88.11,4557,0.9434,1.6871,1.727,0.472,8.25,0.3072,13874,983,2025,ì˙,17.1,23.8,11.4,11.6,1012.8,8.2,êº,4,0
2025/4/8,âŒ,20368000,20741,3380115,3442,12884,12651669,0.166,5.6,5.91,88.42,6080,0.9481,1.6377,1.61,0.267,8.49,0.3248,17600,982,2025,âŒ,17.7,26,9.2,10,1014.8,9.6,êº,5.1,0
2025/4/9,êÖ,13677200,13928,1413304,1439,8406,8254260,0.1033,5.57,5.89,87.93,4210,0.9891,1.7203,1.657,0.171,9.65,0.2953,13437,982,2025,êÖ,18.5,23.5,13,9.8,1011.2,7.1,ìåìÏìå,2.9,0
2025/4/10,ñÿ,13992600,14249,2490355,2536,7999,7855051,0.178,5.55,5.85,88.07,4153,0.9819,1.6629,1.781,0.317,9.44,0.3086,13450,982,2025,ñÿ,17,20,14.3,0,1007.9,4.4,êºñkêº,2.1,28
2025/4/11,ã‡,21288600,21679,2841284,2893,12983,12749602,0.1335,5.6,5.9,88.27,5797,0.9713,1.7623,1.67,0.223,9.06,0.3391,19644,982,2025,ã‡,17.1,21.2,13.4,11.5,1007.1,5.5,êº,3.2,0
2025/4/12,ìy,20473200,20848,3748500,3817,12440,12215759,0.1831,5.62,5.92,88.49,5984,0.9763,1.7211,1.676,0.307,9.23,0.3452,19249,982,2025,ìy,15.9,19.8,11.1,3.9,1010.5,6,ìÏìå,2.9,11.5
2025/4/13,ì˙,12560000,12790,2138580,2178,7171,7042355,0.1703,5.56,5.89,88.29,3554,0.9567,1.7086,1.783,0.304,8.61,0.2912,11013,982,2025,ì˙,14.8,17.7,11.1,9.3,1002.8,12,êº,6.4,31
2025/4/14,åé,18954900,19302,1457428,1484,10938,10741269,0.0769,5.63,5.95,87.99,4791,0.9626,1.7655,1.765,0.136,8.71,0.331,16804,982,2025,åé,13.5,19.6,8.6,5.4,1002.1,10,êº,3.9,7.5
2025/4/15,âŒ,12064100,12285,2848812,2901,7302,7170616,0.2361,5.62,5.92,88,3868,0.9298,1.629,1.682,0.397,7.92,0.279,9735,982,2025,âŒ,13.4,18.4,10.4,9.4,1003.9,11.5,êº,7.4,0
2025/4/16,êÖ,10644100,10839,1048980,1068,6678,6557361,0.0986,5.56,5.87,87.01,3348,0.9377,1.6627,1.623,0.16,8.1,0.2597,8776,982,2025,êÖ,17.6,24.7,8.4,9.1,1011.4,10.1,êº,4.9,0
2025/4/17,ñÿ,13717800,13969,2949053,3003,7881,7739249,0.215,5.65,5.93,88.25,4253,0.9946,1.6612,1.772,0.381,9.83,0.2729,13736,982,2025,ñÿ,20.5,27.1,14,7.5,1013.1,7.3,êº),3.4,0
2025/4/18,ã‡,20531600,20908,4585537,4670,12440,12216190,0.2233,5.56,5.84,88.13,5763,0.9712,1.7451,1.681,0.375,9.06,0.3106,18937,982,2025,ã‡,21.6,26.6,17.8,8,1012.5,5.6,ìåìÏìå,2.6,0
2025/4/19,ìy,23328600,23756,2553730,2601,14837,14570073,0.1095,5.56,5.86,87.95,6599,0.963,1.7665,1.601,0.175,8.78,0.3758,20854,982,2025,ìy,20.3,24,16,11.1,1012.6,7.4,ìÏìå,3.4,0
2025/4/20,ì˙,16555500,16859,2985592,3040,9119,8954416,0.1803,5.6,5.87,88,4323,0.9288,1.6563,1.849,0.333,7.79,0.2902,13133,982,2025,ì˙,19,21.4,17.4,0.1,1011.2,5.4,ìÏìå,2.5,11.5
2025/4/21,åé,20492200,20720,2725047,2755,11929,11798018,0.133,5.68,5.96,87.98,5934,0.9669,1.6265,1.737,0.231,9.03,0.3306,18713,989,2025,åé,20.2,25.1,17.6,8.9,1014,5.6,ìå,2.1,0.5
2025/4/23,êÖ,14724600,14888,504028,510,8760,8663663,0.0342,5.61,5.9,88.07,4322,0.9954,1.6968,1.7,0.058,9.85,0.3215,14669,989,2025,êÖ,20.9,25.8,18.8,2.5,1001.3,6.9,êº,3.7,0
2025/4/24,ñÿ,16219100,16399,1746230,1766,9434,9330322,0.1077,5.61,5.89,88.06,4768,0.982,1.7047,1.738,0.187,9.43,0.3256,15467,989,2025,ñÿ,19.5,22.8,17.5,8.5,1004.9,5.8,ìåìÏìå,2.8,0
2025/4/25,ã‡,19816900,20037,3879392,3923,11801,11670859,0.1958,5.61,5.88,88.14,5273,0.9636,1.7487,1.698,0.332,8.8,0.3327,17635,989,2025,ã‡,18.9,23.4,14.2,0.1,1009.5,6.5,ìåìÏìå,2.7,0
2025/4/26,ìy,22529100,22780,2499008,2527,12923,12781317,0.1109,5.63,5.91,88.01,6121,0.9718,1.74,1.763,0.196,9.1,0.3569,20718,989,2025,ìy,16.5,21.3,10.5,12,1016.3,5.9,ìåìÏìå,2.8,0
2025/4/27,ì˙,16765300,16952,2950777,2984,9618,9512617,0.176,5.53,5.79,87.76,4802,0.9729,1.705,1.762,0.31,9.14,0.3175,15498,989,2025,ì˙,18.8,24,11.7,11.7,1015.8,7,ìÏìå,3.4,0
2025/4/28,åé,19666100,19885,303769,307,11780,11650425,0.0154,5.6,5.89,88.12,5552,1.0004,1.755,1.688,0.026,10.01,0.3397,19909,989,2025,åé,16.4,18.7,14.6,0.5,1006.3,4.9,êºñkêº,1.9,15.5
2025/4/29,âŒ,15294200,15464,2904496,2937,8712,8616618,0.1899,5.62,5.88,87.72,4308,0.9768,1.714,1.775,0.337,9.27,0.3215,14338,989,2025,âŒ,16.8,21,13,12.4,1010.1,5,ìåìÏìå,3.4,0
2025/4/30,êÖ,17060200,17250,1904472,1926,9319,9216853,0.1116,5.53,5.78,88.34,4950,1.0272,1.7265,1.851,0.207,10.88,0.3316,18776,989,2025,êÖ,17.5,22.6,11.8,7.9,1016.2,5.7,ìåìÏìå,2.7,0
2025/5/1,ñÿ,18699800,18908,3779349,3821,10372,10257897,0.2021,5.59,5.87,88.75,5222,0.9719,1.6892,1.823,0.368,9.13,0.3033,17267,989,2025,ñÿ,18.5,22.1,15,0,1012.9,6.2,ìÏìå,2.5,21
2025/5/2,ã‡,20421600,20649,1926172,1948,12977,12834049,0.0943,5.55,5.81,88.24,6097,0.988,1.7827,1.591,0.15,9.6,0.36,19819,989,2025,ã‡,19.5,26.8,14.8,12.8,1006.5,10.4,êº,4.8,11
2025/5/3,ìy,19948300,20170,2890311,2922,12412,12275190,0.1449,5.55,5.83,88.38,5808,0.9695,1.8181,1.625,0.235,8.98,0.3498,18104,989,2025,ìy,20.4,28.5,12.1,12.2,1007.9,7.8,êºìÏêº,4.5,0
2025/5/4,ì˙,27086100,27387,1800975,1821,16101,15923950,0.0665,5.63,5.9,88.7,6920,0.9956,1.8287,1.701,0.113,9.84,0.3731,26957,989,2025,ì˙,20.3,22.6,15.3,11.4,1008.9,6.4,ìå,3.6,0
2025/5/5,åé,23035400,23292,898628,909,14259,14102263,0.039,5.54,5.81,88.48,6762,1.0046,1.7582,1.633,0.064,10.15,0.3923,23647,989,2025,åé,17.8,23.8,12.8,7.1,1010.6,4.7,ìåìÏìå,2.4,8
2025/5/6,âŒ,19492700,19749,4443266,4502,11381,11233536,0.2279,5.76,6.05,88.32,5349,0.9442,1.6856,1.735,0.396,8.32,0.304,16428,987,2025,âŒ,17.8,20.9,14.8,0.5,1002.4,6.6,êºìÏêº,2.2,13.5
2025/5/8,ñÿ,15149000,15349,2159180,2188,8814,8699519,0.1425,5.73,6.01,88.34,4396,0.9765,1.6922,1.741,0.248,9.26,0.3262,14212,987,2025,ñÿ,18.6,22.9,13.4,11.2,1016.8,5.4,ìå,2.7,0
2025/5/9,ã‡,22668800,22967,3345846,3390,13081,12911423,0.1476,5.72,5.97,88.12,5914,0.9622,1.7586,1.756,0.259,8.75,0.3384,20104,987,2025,ã‡,18.4,21,16.7,0,1011.8,6.4,ìåìÏìå,2.9,77
2025/5/10,ìy,21516700,21800,3113421,3154,13026,12857097,0.1447,5.69,5.97,88.22,6015,0.9582,1.7544,1.674,0.242,8.65,0.3445,18863,987,2025,ìy,21.7,27,18.3,5.1,1004,11.9,êº,7,3.5
2025/5/11,ì˙,16107300,16319,2587937,2622,9582,9457118,0.1607,5.69,5.95,87.88,4656,0.9498,1.7351,1.703,0.274,8.41,0.2989,13718,987,2025,ì˙,16.8,20.2,14.3,0.3,1007.3,8.2,êº,4.5,6.5
2025/5/12,åé,10950600,11095,1437401,1456,6909,6819482,0.1313,5.64,5.92,88.17,3668,0.9884,1.7765,1.606,0.211,9.62,0.2888,10676,987,2025,åé,18.6,23.8,14,7.6,1010.3,6.7,ìåìÏìå,3.4,0
2025/5/13,âŒ,11952600,12110,1445783,1465,7146,7052776,0.121,5.66,5.94,87.98,3633,0.9698,1.7732,1.695,0.205,8.99,0.3191,10889,987,2025,âŒ,18.8,24,13.5,11,1016.2,5.9,ìåìÏìå,3.3,0
2025/5/14,êÖ,21084200,21362,3257415,3300,11391,11242992,0.1545,5.76,6.06,88.28,5232,0.998,1.8374,1.875,0.29,9.93,0.3506,21208,987,2025,êÖ,19.6,25.1,13.3,10.6,1017.9,6.2,ìåìÏìå,2.9,0
2025/5/15,ñÿ,13864600,14047,3451241,3497,7806,7704167,0.2489,5.68,5.94,88.54,3871,0.9373,1.718,1.8,0.448,8.03,0.2796,11282,987,2025,ñÿ,21,25.5,15.4,7.6,1017.9,5.9,ìåìÏìå,2.8,0
2025/5/16,ã‡,21089100,21367,2844216,2882,12452,12290393,0.1349,5.71,5.99,88.05,5777,0.9756,1.7646,1.716,0.231,9.18,0.3364,19620,987,2025,ã‡,22,26,19.7,3,1015.8,5,ìå,2.5,11
2025/5/17,ìy,22005600,22295,3741400,3791,13515,13339349,0.17,5.67,5.93,87.95,6528,0.9721,1.7157,1.65,0.28,9.12,0.3445,20336,987,2025,ìy,23.5,28.9,19.6,0.8,1008.2,7.1,êº,3.6,19
2025/5/18,ì˙,12532800,12698,2319706,2350,7263,7168552,0.1851,5.65,5.94,87.94,3921,0.973,1.7141,1.748,0.324,9.15,0.2806,11624,987,2025,ì˙,22.6,24.8,20.4,0,1008.1,6.7,êº,2.8,7
2025/5/19,åé,14862000,15027,2638334,2668,7923,7836280,0.1775,5.66,5.92,88.79,4191,1,1.7474,1.897,0.337,10,0.2993,15028,989,2025,åé,22.2,25.2,20.2,0,1010.3,6,êº,2.4,0
2025/5/20,âŒ,16463300,16646,3499007,3538,9084,8983876,0.2125,5.64,5.93,88.27,4052,0.9417,1.7727,1.833,0.389,8.03,0.2963,13370,989,2025,âŒ,24.4,28.5,19.1,2,1011,4.4,êº,1.9,0
2025/5/21,êÖ,12857100,13000,2084422,2108,7555,7472269,0.1621,5.62,5.87,88.15,3941,0.9827,1.7417,1.721,0.279,9.43,0.3013,12263,989,2025,êÖ,22.6,24.6,21.4,0,1006.3,4.8,ìåñkìå,2,82.5
2025/5/22,ñÿ,12959000,13103,1939412,1961,8126,8036745,0.1497,5.62,5.86,88.02,4176,0.987,1.7166,1.612,0.241,9.59,0.3195,12564,989,2025,ñÿ,24.7,30.7,21,6.1,1000.8,6.7,ìåìÏìå,2.5,1.5
2025/5/23,ã‡,24452400,24724,4952683,5008,13833,13681296,0.2025,5.64,5.93,88.99,6281,0.9674,1.7522,1.787,0.362,8.93,0.3478,22090,989,2025,ã‡,22,24.4,19.8,2.2,1007.9,5,ìå,2.5,1.5
2025/5/24,ìy,24205500,24475,1686349,1705,15685,15512046,0.0697,5.6,5.88,88.17,7001,0.9898,1.8385,1.56,0.109,9.65,0.3943,23615,989,2025,ìy,22.1,26,19.7,0.4,1002,9.9,êº,3.5,69
2025/5/25,ì˙,12585100,12725,1516674,1534,7359,7278355,0.1205,5.64,5.91,88.33,3698,0.9522,1.6587,1.729,0.208,8.54,0.2669,10862,989,2025,ì˙,20.7,25.7,17.5,3.9,1008.7,10.8,êº,5,0
2025/5/26,åé,11996600,12130,1911690,1933,7049,6971175,0.1594,5.63,5.9,88.01,3805,0.9752,1.6822,1.721,0.274,9.22,0.2781,11190,989,2025,åé,18.6,21.5,16.1,0.1,1015.8,4.5,ìå,2.2,0
2025/5/27,âŒ,11362800,11489,1061487,1073,6796,6721270,0.0934,5.59,5.82,87.93,3348,0.9599,1.7056,1.691,0.158,8.7,0.2872,9992,989,2025,âŒ,19.7,24.3,16.3,6,1017,5.4,ìå,2.6,0
2025/5/28,êÖ,13635500,13787,1099235,1111,7909,7822100,0.0806,5.67,5.94,87.87,4069,1.0015,1.7587,1.743,0.141,10.05,0.3195,13855,989,2025,êÖ,20.8,25,16.7,4.5,1016.1,5,ìå,2.4,0
2025/5/29,ñÿ,14481900,14643,2120620,2144,8059,7970421,0.1464,5.62,5.88,88.27,4268,0.9773,1.6744,1.817,0.266,9.3,0.2861,13621,989,2025,ñÿ,19,20.3,17.1,0,1011.9,6.8,ìåñkìå,2.3,10.5
2025/5/30,ã‡,18250700,18454,277081,280,11304,11179920,0.0152,5.62,5.9,88.18,5710,1.0023,1.801,1.632,0.025,10.08,0.3731,18595,989,2025,ã‡,18.8,23,16.1,1.6,1007.3,4.4,ñkñkìå,2.1,15.5
2025/5/31,ìy,19169700,19383,157032,159,11968,11836597,0.0082,5.7,5.95,87.85,5832,1.0061,1.7601,1.62,0.013,10.2,0.3589,19769,989,2025,ìy,21.1,26.5,15.1,12.1,1006.1,5.7,êºñkêº,3.5,0
,,,,,,,,,,,,,,,,,,,,,,,,,,,,,,,
,,,,,,,,,,,,,,,,,,,,,,,,,,,,,,,
,,,,,,,,,,,,,,,,,,,,,,,,,,,,,,,
,,,,,,,,,,,,,,,,,,,,,,,,,,,,,,,
,,,,,,,,,,,,,,,,,,,,,,,,,,,,,,,
,,,,,,,,,,,,,,,,,,,,,,,,,,,,,,,
,,,,,,,,,,,,,,,,,,,,,,,,,,,,,,,
,,,,,,,,,,,,,,,,,,,,,,,,,,,,,,,
,,,,,,,,,,,,,,,,,,,,,,,,,,,,,,,
,,,,,,,,,,,,,,,,,,,,,,,,,,,,,,,
,,,,,,,,,,,,,,,,,,,,,,,,,,,,,,,
,,,,,,,,,,,,,,,,,,,,,,,,,,,,,,,
,,,,,,,,,,,,,,,,,,,,,,,,,,,,,,,
,,,,,,,,,,,,,,,,,,,,,,,,,,,,,,,
,,,,,,,,,,,,,,,,,,,,,,,,,,,,,,,
,,,,,,,,,,,,,,,,,,,,,,,,,,,,,,,
,,,,,,,,,,,,,,,,,,,,,,,,,,,,,,,
,,,,,,,,,,,,,,,,,,,,,,,,,,,,,,,
,,,,,,,,,,,,,,,,,,,,,,,,,,,,,,,
,,,,,,,,,,,,,,,,,,,,,,,,,,,,,,,
,,,,,,,,,,,,,,,,,,,,,,,,,,,,,,,
,,,,,,,,,,,,,,,,,,,,,,,,,,,,,,,
,,,,,,,,,,,,,,,,,,,,,,,,,,,,,,,
,,,,,,,,,,,,,,,,,,,,,,,,,,,,,,,
,,,,,,,,,,,,,,,,,,,,,,,,,,,,,,,
,,,,,,,,,,,,,,,,,,,,,,,,,,,,,,,
,,,,,,,,,,,,,,,,,,,,,,,,,,,,,,,
,,,,,,,,,,,,,,,,,,,,,,,,,,,,,,,
,,,,,,,,,,,,,,,,,,,,,,,,,,,,,,,
,,,,,,,,,,,,,,,,,,,,,,,,,,,,,,,
,,,,,,,,,,,,,,,,,,,,,,,,,,,,,,,
